date,title,summary,link,source
2026-02-25,1股台積電（2330）都沒有別太難過？阿格力：因為9成以上的台灣人都無 - 聯合新聞網,"<a href=""https://news.google.com/rss/articles/CBMiUkFVX3lxTE1oQ0dwdUtyVURrcDdxdEM0TGFfSTE0cTR5RXhfbU93T1c4dERBVVVkX1BTN2RlZzBIZWZydy1KMW5mNFlDZlhxWGRjNF9pdXBDRlHSAVdBVV95cUxQdDNKeTNmQ0wwV2FRYkh5MExDUGMwSENNS2g3d1NKd0F6VVI0c0hqYm1JRmRZUzE0OHhKbUNCaDBfOW00M290cHVmelJWTjh6ZmVDczhZT2M?oc=5"" target=""_blank"">1股台積電（2330）都沒有別太難過？阿格力：因為9成以上的台灣人都無</a>&nbsp;&nbsp;<font color=""#6f6f6f"">聯合新聞網</font>",https://news.google.com/rss/articles/CBMiUkFVX3lxTE1oQ0dwdUtyVURrcDdxdEM0TGFfSTE0cTR5RXhfbU93T1c4dERBVVVkX1BTN2RlZzBIZWZydy1KMW5mNFlDZlhxWGRjNF9pdXBDRlHSAVdBVV95cUxQdDNKeTNmQ0wwV2FRYkh5MExDUGMwSENNS2g3d1NKd0F6VVI0c0hqYm1JRmRZUzE0OHhKbUNCaDBfOW00M290cHVmelJWTjh6ZmVDczhZT2M?oc=5,GoogleNewsRSS
2026-03-03,台積電收跌70元至1865元！市值失守50兆元 專家喊「是黃金」 - Yahoo股市,"<a href=""https://news.google.com/rss/articles/CBMi-wJBVV95cUxPbmZ0OHlPQlBJR2NJamdKR1FOeVZCbzJLcjJ4OGlNbl94RGlHZFpyXzBNd3Y5LWp4NW5HeTlCWFNZdzhJdEhCbFNUZlRoSmVRY0lFb2NGdUtKQnA1RThIMFc5NXNlVEhCVnUtSVBfSWwtWUZ3MFk0Sk9wTlp4ZlhSamFDM0txUVRDa2xBZkozWTFTYkg0MEx3ZjRqS2phWXlUSXVoaVhXTGNsM0dtaVR0ZkNjLWhLVDc4TkRiNHZfdjhEOXB6eU9VSndnZW9oM2NkU2xEV1ROZk9yTmZBRnk5RjVvZlBoMEhOZUo0SHhJLW9PZWp4LVVHSmxOcDFocy14UkJxTV9wZl91N090ZFctTVNEZE5TOFJjTF82TTV6Q1BUdk5wRUhveWZhT1VaclZsVE5qNWxTekNoUDVBTjVTVEFEeXI0d01CYkdYazJVNHVoRDlycGpYTV9aUWlZelhZRWw5aFluaWRjM2g2U0xYekxCUTh4UFItbXhJ?oc=5"" target=""_blank"">台積電收跌70元至1865元！市值失守50兆元 專家喊「是黃金」</a>&nbsp;&nbsp;<font color=""#6f6f6f"">Yahoo股市</font>",https://news.google.com/rss/articles/CBMi-wJBVV95cUxPbmZ0OHlPQlBJR2NJamdKR1FOeVZCbzJLcjJ4OGlNbl94RGlHZFpyXzBNd3Y5LWp4NW5HeTlCWFNZdzhJdEhCbFNUZlRoSmVRY0lFb2NGdUtKQnA1RThIMFc5NXNlVEhCVnUtSVBfSWwtWUZ3MFk0Sk9wTlp4ZlhSamFDM0txUVRDa2xBZkozWTFTYkg0MEx3ZjRqS2phWXlUSXVoaVhXTGNsM0dtaVR0ZkNjLWhLVDc4TkRiNHZfdjhEOXB6eU9VSndnZW9oM2NkU2xEV1ROZk9yTmZBRnk5RjVvZlBoMEhOZUo0SHhJLW9PZWp4LVVHSmxOcDFocy14UkJxTV9wZl91N090ZFctTVNEZE5TOFJjTF82TTV6Q1BUdk5wRUhveWZhT1VaclZsVE5qNWxTekNoUDVBTjVTVEFEeXI0d01CYkdYazJVNHVoRDlycGpYTV9aUWlZelhZRWw5aFluaWRjM2g2U0xYekxCUTh4UFItbXhJ?oc=5,GoogleNewsRSS
2026-03-02,台積電(2330)股價開盤跌至1940元！「重挫55元」現在能進場嗎？資金動向一次看| 林家群| 全解析 - 風傳媒,"<a href=""https://news.google.com/rss/articles/CBMiTkFVX3lxTE92bm9qTWF5MFZfNVlEZDM5WEQ3M25Fc1JjUUd3bW93ZWhVVVlKd01oUkY4WElVaGJEU3U4TGpOUTRPUmZzOXhEbVRaLXI1Zw?oc=5"" target=""_blank"">台積電(2330)股價開盤跌至1940元！「重挫55元」現在能進場嗎？資金動向一次看| 林家群| 全解析</a>&nbsp;&nbsp;<font color=""#6f6f6f"">風傳媒</font>",https://news.google.com/rss/articles/CBMiTkFVX3lxTE92bm9qTWF5MFZfNVlEZDM5WEQ3M25Fc1JjUUd3bW93ZWhVVVlKd01oUkY4WElVaGJEU3U4TGpOUTRPUmZzOXhEbVRaLXI1Zw?oc=5,GoogleNewsRSS
2026-02-25,2年前才問「誰要陪我等台積電到700元？」財經作家今喊：等2330元 - ETtoday財經雲,"<a href=""https://news.google.com/rss/articles/CBMiUkFVX3lxTE9uSXFuUmNKMDVnSU5FZnNZSDFQR1hkLTVlZGJ0Um5UR3NNWkRfSk5KOEM5RjhjcDZCNFFwYTdXdE9lSEFZUVZOQjZyeU01Vlp2THfSAW5BVV95cUxOdWVINlZtODhid2NMN3YzQWg4YmhfSnVCd0I3bVhqODRWVlZpQUNjQXNMMXo3MlQ4b2FGU0JLalNxOHJIaU1WZGxkQTBMdzdjLUtPN1pPbm13SlViZTR0R1NIVGJUUHN5RGJOcEU2Zw?oc=5"" target=""_blank"">2年前才問「誰要陪我等台積電到700元？」財經作家今喊：等2330元</a>&nbsp;&nbsp;<font color=""#6f6f6f"">ETtoday財經雲</font>",https://news.google.com/rss/articles/CBMiUkFVX3lxTE9uSXFuUmNKMDVnSU5FZnNZSDFQR1hkLTVlZGJ0Um5UR3NNWkRfSk5KOEM5RjhjcDZCNFFwYTdXdE9lSEFZUVZOQjZyeU01Vlp2THfSAW5BVV95cUxOdWVINlZtODhid2NMN3YzQWg4YmhfSnVCd0I3bVhqODRWVlZpQUNjQXNMMXo3MlQ4b2FGU0JLalNxOHJIaU1WZGxkQTBMdzdjLUtPN1pPbm13SlViZTR0R1NIVGJUUHN5RGJOcEU2Zw?oc=5,GoogleNewsRSS
2026-03-05,台積電(2330)賣飛了？跌到多少能買回？杜金龍曝關鍵價位！看好台塑化(6505)股價衝9字頭，時間表曝光 - 今周刊,"<a href=""https://news.google.com/rss/articles/CBMigAFBVV95cUxOMGhXM1lpMHowWGRZbW4teFZFSmZ3RVlzaFN4SjlfS2FVTllhTTZJWGNpM0ZNY0s0ZzF6Z1VGWXdGNDRLZjRqTGN4eHNULUo1LWs4ZzlmVXZBNllSSExnVzZXVEpRZXZmcGVmQV9fSG1OQmktWEptcFRXWnF0X2ZMcw?oc=5"" target=""_blank"">台積電(2330)賣飛了？跌到多少能買回？杜金龍曝關鍵價位！看好台塑化(6505)股價衝9字頭，時間表曝光</a>&nbsp;&nbsp;<font color=""#6f6f6f"">今周刊</font>",https://news.google.com/rss/articles/CBMigAFBVV95cUxOMGhXM1lpMHowWGRZbW4teFZFSmZ3RVlzaFN4SjlfS2FVTllhTTZJWGNpM0ZNY0s0ZzF6Z1VGWXdGNDRLZjRqTGN4eHNULUo1LWs4ZzlmVXZBNllSSExnVzZXVEpRZXZmcGVmQV9fSG1OQmktWEptcFRXWnF0X2ZMcw?oc=5,GoogleNewsRSS
2026-02-24,台積電狂漲遭列注意股！鄉民：被關就見證歷史 - Yahoo股市,"<a href=""https://news.google.com/rss/articles/CBMiwgJBVV95cUxPWmlsMEZpU2pYbXo1bFJNX01JRmFnajV0S0I2VDBlLWpBSHdvYnZiYUU4bmRTaVNlMm55UmhVaTEwb0trVXVXSVI3U0xjTnRpczY2aG5NQkJpTnV4aHc0Q0ZlVGlwRDZDN3ROODRBN3JJX3ZROEg0WndCQjNkM2lYLW8xTklmVnhzTUN4UEU2WV9EOEtSc09oYVVNSnpTbTZ0dDRtSHA4cXpDNzJ3OWtzaExQUGkxRzd5RUpFaVVWRnZQOFJBbjBKUWpfbndkcUxadzdCZF81Z29KZzVTcloyU04weG45bGc5dDBQMDFGMl93UHJCeXFnYmFwSURqZEVFWmNLaUVqRE1PckZMVVd1RWVwZlRpc3VGSDk4SmczVGdrT0UzU2N0R0tvaGxjU1dnZThRS3ZmdjRxWjdrZGJmeVpB?oc=5"" target=""_blank"">台積電狂漲遭列注意股！鄉民：被關就見證歷史</a>&nbsp;&nbsp;<font color=""#6f6f6f"">Yahoo股市</font>",https://news.google.com/rss/articles/CBMiwgJBVV95cUxPWmlsMEZpU2pYbXo1bFJNX01JRmFnajV0S0I2VDBlLWpBSHdvYnZiYUU4bmRTaVNlMm55UmhVaTEwb0trVXVXSVI3U0xjTnRpczY2aG5NQkJpTnV4aHc0Q0ZlVGlwRDZDN3ROODRBN3JJX3ZROEg0WndCQjNkM2lYLW8xTklmVnhzTUN4UEU2WV9EOEtSc09oYVVNSnpTbTZ0dDRtSHA4cXpDNzJ3OWtzaExQUGkxRzd5RUpFaVVWRnZQOFJBbjBKUWpfbndkcUxadzdCZF81Z29KZzVTcloyU04weG45bGc5dDBQMDFGMl93UHJCeXFnYmFwSURqZEVFWmNLaUVqRE1PckZMVVd1RWVwZlRpc3VGSDk4SmczVGdrT0UzU2N0R0tvaGxjU1dnZThRS3ZmdjRxWjdrZGJmeVpB?oc=5,GoogleNewsRSS
2026-02-11,「萬一」台積電（2330）弱了、倒閉…0050怎辦？1月驚人的營收成績根本杞人憂天| 存股族愛ETF | 股市 - 聯合新聞網,"<a href=""https://news.google.com/rss/articles/CBMiU0FVX3lxTE5iQlU4c2ZtN2tPd0VYWktudnl1Q0VWNVIyazlDcjJncW54SXhRbUY1RzIwcklpVWRoc0FGODFYSk13WWxpR0RFcjlKUVhkSEhPQ3I0?oc=5"" target=""_blank"">「萬一」台積電（2330）弱了、倒閉…0050怎辦？1月驚人的營收成績根本杞人憂天| 存股族愛ETF | 股市</a>&nbsp;&nbsp;<font color=""#6f6f6f"">聯合新聞網</font>",https://news.google.com/rss/articles/CBMiU0FVX3lxTE5iQlU4c2ZtN2tPd0VYWktudnl1Q0VWNVIyazlDcjJncW54SXhRbUY1RzIwcklpVWRoc0FGODFYSk13WWxpR0RFcjlKUVhkSEhPQ3I0?oc=5,GoogleNewsRSS
2026-02-11,台積電(2330)股價衝上1910元創新高！為何不怕美股震盪？還會再漲嗎？年後行情一次看| 林家群| 全解析 - 風傳媒,"<a href=""https://news.google.com/rss/articles/CBMiTkFVX3lxTFBKbGctUDZNMDJQRkNZN3NlQS1laVNQdm5VMENOd3JuTThnQ0dieTJKTkVVU2hWTkZieTBvb3pOODZISURVeVA0WHNkb1YxUQ?oc=5"" target=""_blank"">台積電(2330)股價衝上1910元創新高！為何不怕美股震盪？還會再漲嗎？年後行情一次看| 林家群| 全解析</a>&nbsp;&nbsp;<font color=""#6f6f6f"">風傳媒</font>",https://news.google.com/rss/articles/CBMiTkFVX3lxTFBKbGctUDZNMDJQRkNZN3NlQS1laVNQdm5VMENOd3JuTThnQ0dieTJKTkVVU2hWTkZieTBvb3pOODZISURVeVA0WHNkb1YxUQ?oc=5,GoogleNewsRSS
2026-02-25,2年前才問「誰會陪我等到台積電700元？」財經作家再喊：陪我到2330 - Yahoo新聞,"<a href=""https://news.google.com/rss/articles/CBMi9gJBVV95cUxOenQxbDVseVBZdURSc0dpREczaldfU0ZmZkl4NHJKOC1ER0JrN1FFUFBCVkdNZk42ZGphRldCN2tELUVVcmR4ZWRTRXdWd0dDQzF2dnJmX0tDM2FCQnVGTXhqOUo3bnAzRUxqdFdYY1ZZb3FsVC1jQ29uTUpYVE5RM1piT0RQT2otTGppZzBwYndxU0hXaGJKeFNNcEZQVE9IVmN4eTJ1c3lPZG1WaVZkYm1qME04RDJ4TzVMeXdOS1VfOWpKbkgzam5LZUFaSy1RN1RlQUZvbTZFYlhHa2g4ZE9SaGozemRvNFlUallsMlYtYmlHU2hxMmYwNEZWdFU1eDk1RDlWQ1pLcDA3ZUZfZzYxSUJlZjNQMlNabzFjTy0xcWFPMFhMM1NkdnNrVG5LTHNRM0lOd3FtREFrSnp4ZXYyRE1NR2hlODRqelF4QUowcHo0RTkwZUg2SGM5UHE1NWtRMTNUX3FPT2dwUl9tek83OFhGQQ?oc=5"" target=""_blank"">2年前才問「誰會陪我等到台積電700元？」財經作家再喊：陪我到2330</a>&nbsp;&nbsp;<font color=""#6f6f6f"">Yahoo新聞</font>",https://news.google.com/rss/articles/CBMi9gJBVV95cUxOenQxbDVseVBZdURSc0dpREczaldfU0ZmZkl4NHJKOC1ER0JrN1FFUFBCVkdNZk42ZGphRldCN2tELUVVcmR4ZWRTRXdWd0dDQzF2dnJmX0tDM2FCQnVGTXhqOUo3bnAzRUxqdFdYY1ZZb3FsVC1jQ29uTUpYVE5RM1piT0RQT2otTGppZzBwYndxU0hXaGJKeFNNcEZQVE9IVmN4eTJ1c3lPZG1WaVZkYm1qME04RDJ4TzVMeXdOS1VfOWpKbkgzam5LZUFaSy1RN1RlQUZvbTZFYlhHa2g4ZE9SaGozemRvNFlUallsMlYtYmlHU2hxMmYwNEZWdFU1eDk1RDlWQ1pLcDA3ZUZfZzYxSUJlZjNQMlNabzFjTy0xcWFPMFhMM1NkdnNrVG5LTHNRM0lOd3FtREFrSnp4ZXYyRE1NR2hlODRqelF4QUowcHo0RTkwZUg2SGM5UHE1NWtRMTNUX3FPT2dwUl9tek83OFhGQQ?oc=5,GoogleNewsRSS
2026-02-05,台積電(2330)股價開盤跌剩1770元！台股為何跌這麼慘？走弱原因一次看 | 林家群 | 全解析 - 風傳媒,"<a href=""https://news.google.com/rss/articles/CBMiTkFVX3lxTE1OblhSZmdndkF6UTBBaFVYNXV0RHFzRWwxWHlLYWdJYVB6YXlvZUljWDdhVHc0b1Y5N25qRnV3NjBwV2JHOVVxVUszSTdiUQ?oc=5"" target=""_blank"">台積電(2330)股價開盤跌剩1770元！台股為何跌這麼慘？走弱原因一次看 | 林家群 | 全解析</a>&nbsp;&nbsp;<font color=""#6f6f6f"">風傳媒</font>",https://news.google.com/rss/articles/CBMiTkFVX3lxTE1OblhSZmdndkF6UTBBaFVYNXV0RHFzRWwxWHlLYWdJYVB6YXlvZUljWDdhVHc0b1Y5N25qRnV3NjBwV2JHOVVxVUszSTdiUQ?oc=5,GoogleNewsRSS
2026-02-26,每日買1股台積電（2330）直到交女友…用109萬狂賺83萬！網笑：財神打贏月老了 - 聯合新聞網,"<a href=""https://news.google.com/rss/articles/CBMiUkFVX3lxTE5kM1hEb0FjYTd5cTdocFV5Q3I2TUxKRnE5SVJLdHJJQTFGWVE3em10NTMxYWNhdExFdjdFbjdsR1h6Mk1oNzFsQ1RUODVoekdRVEHSAVdBVV95cUxOdDhyRWdTc2pjOWVoZFlscjA5UU9aalc4VWRDSjFBbURNbXlfSmJITm0zZzkwcERBeVB0Y1RRXzYzeDcwLWxWcmhwLVNkbkROUEQ5YkM1Q2s?oc=5"" target=""_blank"">每日買1股台積電（2330）直到交女友…用109萬狂賺83萬！網笑：財神打贏月老了</a>&nbsp;&nbsp;<font color=""#6f6f6f"">聯合新聞網</font>",https://news.google.com/rss/articles/CBMiUkFVX3lxTE5kM1hEb0FjYTd5cTdocFV5Q3I2TUxKRnE5SVJLdHJJQTFGWVE3em10NTMxYWNhdExFdjdFbjdsR1h6Mk1oNzFsQ1RUODVoekdRVEHSAVdBVV95cUxOdDhyRWdTc2pjOWVoZFlscjA5UU9aalc4VWRDSjFBbURNbXlfSmJITm0zZzkwcERBeVB0Y1RRXzYzeDcwLWxWcmhwLVNkbkROUEQ5YkM1Q2s?oc=5,GoogleNewsRSS
2026-02-09,台積電封關前漲到1870元天價！市值衝破48兆元 還能買嗎名師解析 - Yahoo股市,"<a href=""https://news.google.com/rss/articles/CBMinANBVV95cUxQV1JTTkpJTjBjNExLbGdlcm92NU81WDQzVk52ZXhFLVZMelRoVkprZ2UwT3VTTHlwMFNXWU05TkdldGdlWUtrZTJqOVdmY3lEY1FjOTBLQ3dZSGhpTldfSFdQVDNORnlmSHNqQ3VCSER6QnBhQktwczdDcXdUQjhoWk1OazdRVUh5djFOX2U4eTk3dnJEUlBzVU5SbU41Y1BrcFFxejNwc1ZJZEZwaVppcmpmTEZManE3SHdya016YnlENzdCZkhNcVpBRlZWblNGMnVWYk9qSF9DekctWDhBYS1JN0VUR3ZRMGZTWDdENjdTbkRUenNJdVNWNDVFZ2N0dHladnZjaUlxRHcyb1R2WmhoTkZJbGNHTzNMZXRfLVJQSXczaUNaTlZFUzl3VXFDajhWYi02RHVOeWducExDX1pUVFhucnJBMVVDQXltZjBNdDJUOGswRzQ5ZnlNaUY5REpZSHJ1dlVqaFVST1NPaXN4dEM3eWs2czVPcGZGSWROQTU3OUdrenpucC1GTlJrci1EU1Exa3dMTmVQ?oc=5"" target=""_blank"">台積電封關前漲到1870元天價！市值衝破48兆元 還能買嗎名師解析</a>&nbsp;&nbsp;<font color=""#6f6f6f"">Yahoo股市</font>",https://news.google.com/rss/articles/CBMinANBVV95cUxQV1JTTkpJTjBjNExLbGdlcm92NU81WDQzVk52ZXhFLVZMelRoVkprZ2UwT3VTTHlwMFNXWU05TkdldGdlWUtrZTJqOVdmY3lEY1FjOTBLQ3dZSGhpTldfSFdQVDNORnlmSHNqQ3VCSER6QnBhQktwczdDcXdUQjhoWk1OazdRVUh5djFOX2U4eTk3dnJEUlBzVU5SbU41Y1BrcFFxejNwc1ZJZEZwaVppcmpmTEZManE3SHdya016YnlENzdCZkhNcVpBRlZWblNGMnVWYk9qSF9DekctWDhBYS1JN0VUR3ZRMGZTWDdENjdTbkRUenNJdVNWNDVFZ2N0dHladnZjaUlxRHcyb1R2WmhoTkZJbGNHTzNMZXRfLVJQSXczaUNaTlZFUzl3VXFDajhWYi02RHVOeWducExDX1pUVFhucnJBMVVDQXltZjBNdDJUOGswRzQ5ZnlNaUY5REpZSHJ1dlVqaFVST1NPaXN4dEM3eWs2czVPcGZGSWROQTU3OUdrenpucC1GTlJrci1EU1Exa3dMTmVQ?oc=5,GoogleNewsRSS
2026-02-11,台積電(2330)衝1905元！他曝工程師早預言「一定攻上3000元」還能追嗎？市場激辯後市走向| 周育信 | 全解析 - 風傳媒,"<a href=""https://news.google.com/rss/articles/CBMiTkFVX3lxTE8wYjNBSFRSNmdYUDRhWmpvc0RNVFNCMUN6UnUxVnM4czNZVW9VaDFaRVBEWFB3cEh2S0NIZVJxcnlqeWQyN2RfaUpBT0VwZw?oc=5"" target=""_blank"">台積電(2330)衝1905元！他曝工程師早預言「一定攻上3000元」還能追嗎？市場激辯後市走向| 周育信 | 全解析</a>&nbsp;&nbsp;<font color=""#6f6f6f"">風傳媒</font>",https://news.google.com/rss/articles/CBMiTkFVX3lxTE8wYjNBSFRSNmdYUDRhWmpvc0RNVFNCMUN6UnUxVnM4czNZVW9VaDFaRVBEWFB3cEh2S0NIZVJxcnlqeWQyN2RfaUpBT0VwZw?oc=5,GoogleNewsRSS
2026-02-26,有人說台積電（2330）會倒？陳重銘：蘋果、輝達、特斯拉...都沒自己的晶圓廠| 台股雜談| 股市 - 聯合新聞網,"<a href=""https://news.google.com/rss/articles/CBMiUkFVX3lxTE1ReDBqMnZ5QXZaUXRDU3l5U2tlbXZHQkR4VHdxVmZDUlRBS3Y4RlROUHZIWGFLc3MxaTNwVjladXdraFFvZVJTd01MaXlKOVUwQXc?oc=5"" target=""_blank"">有人說台積電（2330）會倒？陳重銘：蘋果、輝達、特斯拉...都沒自己的晶圓廠| 台股雜談| 股市</a>&nbsp;&nbsp;<font color=""#6f6f6f"">聯合新聞網</font>",https://news.google.com/rss/articles/CBMiUkFVX3lxTE1ReDBqMnZ5QXZaUXRDU3l5U2tlbXZHQkR4VHdxVmZDUlRBS3Y4RlROUHZIWGFLc3MxaTNwVjladXdraFFvZVJTd01MaXlKOVUwQXc?oc=5,GoogleNewsRSS
2026-02-05,網憂「1835入營者準備蹲10年」！台積電挫25元 分析師喊別慌 - Yahoo股市,"<a href=""https://news.google.com/rss/articles/CBMi-wJBVV95cUxNa1prYko3SHAtUFFuT0ZlOTFFTXVNNkV1YXZxTk9SeHVObS01RjNPQUpJNTFCLXBuWXdLa1JUQ0VZRnpJTW8wNGJFb09McmJfc29MbGstd18zS2ppTlhHZFZsQ2ZmbEExbXRwSXY0MEFUS3NvQ0d3Q19FUFdhWXk3VkpGdXB3MUk1c3B6SEwyeUtDc1hjeGlqMUthVWFWVDhlblgzeUVVQUltZFJmaWhIU0FkWGE4OWotTlhjajBiaWlRR1c0NlZnZ3JzWWZoUGpGb3V2aHFGQjd3TV9mdUl2LWdtVmZnVkZaN3B0SXZ0dlFUX3Q4Nzc2ak1SLWxjRjhNQWdCR2pKb0hGV1B0dUZDYjRTT1dxbGlmazlibFd6ZU9vc1hGd0o0cnFyV1BtZ0JyYkEwRk14c2xIdXdIWThXSGtxeEFCS0pNdk1DV2F1UTV2WVRtSEgwMVlfVFNfS0pSUUFoUlROelVJd0t1M09sMUlUMWNDbjVrbEtN?oc=5"" target=""_blank"">網憂「1835入營者準備蹲10年」！台積電挫25元 分析師喊別慌</a>&nbsp;&nbsp;<font color=""#6f6f6f"">Yahoo股市</font>",https://news.google.com/rss/articles/CBMi-wJBVV95cUxNa1prYko3SHAtUFFuT0ZlOTFFTXVNNkV1YXZxTk9SeHVObS01RjNPQUpJNTFCLXBuWXdLa1JUQ0VZRnpJTW8wNGJFb09McmJfc29MbGstd18zS2ppTlhHZFZsQ2ZmbEExbXRwSXY0MEFUS3NvQ0d3Q19FUFdhWXk3VkpGdXB3MUk1c3B6SEwyeUtDc1hjeGlqMUthVWFWVDhlblgzeUVVQUltZFJmaWhIU0FkWGE4OWotTlhjajBiaWlRR1c0NlZnZ3JzWWZoUGpGb3V2aHFGQjd3TV9mdUl2LWdtVmZnVkZaN3B0SXZ0dlFUX3Q4Nzc2ak1SLWxjRjhNQWdCR2pKb0hGV1B0dUZDYjRTT1dxbGlmazlibFd6ZU9vc1hGd0o0cnFyV1BtZ0JyYkEwRk14c2xIdXdIWThXSGtxeEFCS0pNdk1DV2F1UTV2WVRtSEgwMVlfVFNfS0pSUUFoUlROelVJd0t1M09sMUlUMWNDbjVrbEtN?oc=5,GoogleNewsRSS
2026-02-25,台積電(2330)股價站上2000元！連日走強被列注意股「會被關嗎」？市場反應一次看| 林家群| 全解析 - 風傳媒,"<a href=""https://news.google.com/rss/articles/CBMiTkFVX3lxTE93dGNlOFVoX1l2YjNNcWZJdnVxMWVFTUtPWURMaldhTDhXRWtreUxzWXNNSlVwcWpQNmlqZi1STUp4MXRVcFpTUVB1YjRxdw?oc=5"" target=""_blank"">台積電(2330)股價站上2000元！連日走強被列注意股「會被關嗎」？市場反應一次看| 林家群| 全解析</a>&nbsp;&nbsp;<font color=""#6f6f6f"">風傳媒</font>",https://news.google.com/rss/articles/CBMiTkFVX3lxTE93dGNlOFVoX1l2YjNNcWZJdnVxMWVFTUtPWURMaldhTDhXRWtreUxzWXNNSlVwcWpQNmlqZi1STUp4MXRVcFpTUVB1YjRxdw?oc=5,GoogleNewsRSS
2026-02-10,台積電封關日站上1900元！ 專家曝風險：先不要追高 - Yahoo股市,"<a href=""https://news.google.com/rss/articles/CBMi3gJBVV95cUxPRC1CcWpNYm43N1k0dDVtaV9oX09CTVYxcldrLU5ZQ2pQRnd2M2JsQWVGOXhEdG9aT0dhMnQxM0d2cEZDeUU2b1U2TzdWVF9OeTNlYmEyOGpiLUtndHF4WEREWTJqZUJZdXVPbGlEeFBzS09HNmRCRnV0dmtoZDh3MzZ5MzZHX1RuTF9PengwRVVJSUROd0RBTVoyQ0JRd21LZUpuOEZsdDYzb21sMFVTdjNwMEJLMzJfQkdoYml5ZjdRaW5WNEpDNmp3bEUtYXpTSEFVdXJYWlc2VUlKSEUtejd5ZHplMHFNb2tzRTJzVlE3cm4zbWs4UDcwNXBXdWh0WHlla0laUkN4QWoycTV6dG1uV2lmampYWGhLc3VmWmYwQ3ZMWVVFSEsxeHJncnVLZGdiWGxLOEdnUnJ3R0xLZm1qNGNjUThlRzJ0dzhyUW9BY3NxVTZEZEU0RldGdw?oc=5"" target=""_blank"">台積電封關日站上1900元！ 專家曝風險：先不要追高</a>&nbsp;&nbsp;<font color=""#6f6f6f"">Yahoo股市</font>",https://news.google.com/rss/articles/CBMi3gJBVV95cUxPRC1CcWpNYm43N1k0dDVtaV9oX09CTVYxcldrLU5ZQ2pQRnd2M2JsQWVGOXhEdG9aT0dhMnQxM0d2cEZDeUU2b1U2TzdWVF9OeTNlYmEyOGpiLUtndHF4WEREWTJqZUJZdXVPbGlEeFBzS09HNmRCRnV0dmtoZDh3MzZ5MzZHX1RuTF9PengwRVVJSUROd0RBTVoyQ0JRd21LZUpuOEZsdDYzb21sMFVTdjNwMEJLMzJfQkdoYml5ZjdRaW5WNEpDNmp3bEUtYXpTSEFVdXJYWlc2VUlKSEUtejd5ZHplMHFNb2tzRTJzVlE3cm4zbWs4UDcwNXBXdWh0WHlla0laUkN4QWoycTV6dG1uV2lmampYWGhLc3VmWmYwQ3ZMWVVFSEsxeHJncnVLZGdiWGxLOEdnUnJ3R0xLZm1qNGNjUThlRzJ0dzhyUW9BY3NxVTZEZEU0RldGdw?oc=5,GoogleNewsRSS
2026-02-09,史上最強單月！台積電1月營收首度衝破4千億元 年增37％ - Yahoo股市,"<a href=""https://news.google.com/rss/articles/CBMi9gJBVV95cUxOM3RmNjVfdW84NXZ4MWRkbXlJMGpmRHY0LUNrVEhabHRieWluYy1BSk5SMk5HbGxLdlI5UzNKYkZSQlhGRURBUUdXdmVFWkpIdXIzdElfZE9kV1BiYzk5QjNLUU1Uamd2ZTk3cDdWSnktNUtFSy16V3QxelF4MUJsUU1pNU1JZTFZdjdyMnFsVE9rWmNZRmIxcVpNQnJfeXVGVHFtd25EMnota3VOMFdibWxoQTRTLUI1cXZLRi1iM3lGaG0yelVCX2hVTmE2T1VQOFFyc3c5ck5Ma0VKb1hwdi1BY2xGQ1Zuam5ZdFN3ZVV3TkwzWmM5bGZMcldORjA0dWl1d2J2ajFUT016ekViYS1tbGgybUJZN3luT2dQa01RMHhyOXhhZkRFUFVsb1hrc0l0Vno5R3M4WGtSMzVNendCa3JYeTJYSmhaVllEYk5xdzFiMXBXUE1FTllsaWNoLWxXaGdsckxwMHpTdGV0cm4zajItdw?oc=5"" target=""_blank"">史上最強單月！台積電1月營收首度衝破4千億元 年增37％</a>&nbsp;&nbsp;<font color=""#6f6f6f"">Yahoo股市</font>",https://news.google.com/rss/articles/CBMi9gJBVV95cUxOM3RmNjVfdW84NXZ4MWRkbXlJMGpmRHY0LUNrVEhabHRieWluYy1BSk5SMk5HbGxLdlI5UzNKYkZSQlhGRURBUUdXdmVFWkpIdXIzdElfZE9kV1BiYzk5QjNLUU1Uamd2ZTk3cDdWSnktNUtFSy16V3QxelF4MUJsUU1pNU1JZTFZdjdyMnFsVE9rWmNZRmIxcVpNQnJfeXVGVHFtd25EMnota3VOMFdibWxoQTRTLUI1cXZLRi1iM3lGaG0yelVCX2hVTmE2T1VQOFFyc3c5ck5Ma0VKb1hwdi1BY2xGQ1Zuam5ZdFN3ZVV3TkwzWmM5bGZMcldORjA0dWl1d2J2ajFUT016ekViYS1tbGgybUJZN3luT2dQa01RMHhyOXhhZkRFUFVsb1hrc0l0Vno5R3M4WGtSMzVNendCa3JYeTJYSmhaVllEYk5xdzFiMXBXUE1FTllsaWNoLWxXaGdsckxwMHpTdGV0cm4zajItdw?oc=5,GoogleNewsRSS
2026-02-24,台積電被證交所盯上！6天價差過大 並列「26檔注意股」 - Yahoo股市,"<a href=""https://news.google.com/rss/articles/CBMi9AJBVV95cUxPZWVSVy1SVTBndFRXd3pNUGZSQlJ1eFdFS2Z6cTNNY0JpSVo4RGxNcXhiOGFZZTVxOXo0MDRJblItQXF3ZVQyWEZ3TS0yWjhIT3d0SzJidnRuN3pKTzEtdEx3QTN2UDFSdmtkOUpFeGJRYkVIQ0FBNE1BTEllcThpSU50RGZJc1pmbVRhZlFPUnp2Q09VdWpVNFlka2dYS0RyV3Z1MTVpdUV6X241WHBmOU45M2ZRTzkta2lKbHoyc0ptdGRycmw2VkE1VzYtZW9mWExKYUpEUHdCZ3BPVTdCdjhOT0hmd2EwWXhfa0VFX1kyQkk5OWQxUnFPQUZTM09JTTh1RXRIYlQxTFpkZlRTWUdHM1ZLaHZ1eUx4N3NhbzF5SzYzbTdER0F5Z2xfVERIZjRiVzFuSHN3TGVlVTFOZzNERnFGWDZRNW5aTzVCeUhOSjM0VHBRNFl0UFczemt6a04zNkw5S1RpTEhaMzAyMWlPSDA?oc=5"" target=""_blank"">台積電被證交所盯上！6天價差過大 並列「26檔注意股」</a>&nbsp;&nbsp;<font color=""#6f6f6f"">Yahoo股市</font>",https://news.google.com/rss/articles/CBMi9AJBVV95cUxPZWVSVy1SVTBndFRXd3pNUGZSQlJ1eFdFS2Z6cTNNY0JpSVo4RGxNcXhiOGFZZTVxOXo0MDRJblItQXF3ZVQyWEZ3TS0yWjhIT3d0SzJidnRuN3pKTzEtdEx3QTN2UDFSdmtkOUpFeGJRYkVIQ0FBNE1BTEllcThpSU50RGZJc1pmbVRhZlFPUnp2Q09VdWpVNFlka2dYS0RyV3Z1MTVpdUV6X241WHBmOU45M2ZRTzkta2lKbHoyc0ptdGRycmw2VkE1VzYtZW9mWExKYUpEUHdCZ3BPVTdCdjhOT0hmd2EwWXhfa0VFX1kyQkk5OWQxUnFPQUZTM09JTTh1RXRIYlQxTFpkZlRTWUdHM1ZLaHZ1eUx4N3NhbzF5SzYzbTdER0F5Z2xfVERIZjRiVzFuSHN3TGVlVTFOZzNERnFGWDZRNW5aTzVCeUhOSjM0VHBRNFl0UFczemt6a04zNkw5S1RpTEhaMzAyMWlPSDA?oc=5,GoogleNewsRSS
2026-03-15,台積電除息前有亂流？一度漲15元後下跌 專家：保持冷靜 - Yahoo股市,"<a href=""https://news.google.com/rss/articles/CBMi_wJBVV95cUxQSUFQUmRnYWdpSzVXV3p4X1I0cjhMT2JHNHpYRnlCVUpnVUNEbV9lRS14VWxKNnJRSGpBQzhvTGoyaWo1MnVlNnlBcWFoUGtqWGVOLTFQenM2Y0RMNVpQX2RvVjdib0Nma2lDS2JGbHJzTXVKd0xNM0ptSXdmUFhMQ1llZDBOR25SOElDaFZBc1p0RGRmVXAzdk9FLVJEQVhkZ3VGZ1lDdlFMYW1lU1dXbGRsd2JLUXBqb0luaDBsU1c3QUdnZ0RxY3piN0VFSGFwNzZJOXhwemVDeTl5WnpsSjdobkRhb3ZCOUx1bXVOZE1LV3pta1RRd3o1MGI0bTBTZWNJLWtuQ0M4YkFFYlZIR3JMUUcySHJYOFRHY3dLaEZDT1NDNUxtc2hrLWphbTFqck5ZZUZCekxXbXZUWDlXMVdHMkdjc1UyUDQ1YTZ3OWlvSWFKa0tuY2RTOFlNVEk2SEVxaWhiLWJNcV9pQ05ZdHZaVDFMUjBodE5KRUhZTQ?oc=5"" target=""_blank"">台積電除息前有亂流？一度漲15元後下跌 專家：保持冷靜</a>&nbsp;&nbsp;<font color=""#6f6f6f"">Yahoo股市</font>",https://news.google.com/rss/articles/CBMi_wJBVV95cUxQSUFQUmRnYWdpSzVXV3p4X1I0cjhMT2JHNHpYRnlCVUpnVUNEbV9lRS14VWxKNnJRSGpBQzhvTGoyaWo1MnVlNnlBcWFoUGtqWGVOLTFQenM2Y0RMNVpQX2RvVjdib0Nma2lDS2JGbHJzTXVKd0xNM0ptSXdmUFhMQ1llZDBOR25SOElDaFZBc1p0RGRmVXAzdk9FLVJEQVhkZ3VGZ1lDdlFMYW1lU1dXbGRsd2JLUXBqb0luaDBsU1c3QUdnZ0RxY3piN0VFSGFwNzZJOXhwemVDeTl5WnpsSjdobkRhb3ZCOUx1bXVOZE1LV3pta1RRd3o1MGI0bTBTZWNJLWtuQ0M4YkFFYlZIR3JMUUcySHJYOFRHY3dLaEZDT1NDNUxtc2hrLWphbTFqck5ZZUZCekxXbXZUWDlXMVdHMkdjc1UyUDQ1YTZ3OWlvSWFKa0tuY2RTOFlNVEk2SEVxaWhiLWJNcV9pQ05ZdHZaVDFMUjBodE5KRUhZTQ?oc=5,GoogleNewsRSS
2026-01-28,台積電(2330)衝破1800元！外資狂買222億，過年紅包行情穩了？內行揭追價前必看1籌碼警訊| 周育信 | 全解析 - 風傳媒,"<a href=""https://news.google.com/rss/articles/CBMiTkFVX3lxTE56NXB2TnFSSmZMZUN1QWJxVXVvdzJLVFVnYnZpaDc3RGozc2pXMVZ5Y3ZuZGc0MUY2Rm9yMVZLMlVVMGdoM0VweUNRd0c4dw?oc=5"" target=""_blank"">台積電(2330)衝破1800元！外資狂買222億，過年紅包行情穩了？內行揭追價前必看1籌碼警訊| 周育信 | 全解析</a>&nbsp;&nbsp;<font color=""#6f6f6f"">風傳媒</font>",https://news.google.com/rss/articles/CBMiTkFVX3lxTE56NXB2TnFSSmZMZUN1QWJxVXVvdzJLVFVnYnZpaDc3RGozc2pXMVZ5Y3ZuZGc0MUY2Rm9yMVZLMlVVMGdoM0VweUNRd0c4dw?oc=5,GoogleNewsRSS
2026-03-01,搶買台積電！神山跌55元後一度回到1995元 專家：小心又變臉 - Yahoo股市,"<a href=""https://news.google.com/rss/articles/CBMihANBVV95cUxPZWlFQVZpbmw1cTl0Y2tkdWE4Z0xXejNpTGF5UmhFS2xRS2tTc19YZ25DcTB3UkVpYnBEMW1VcHRMbkFtUVVhSzRIRTZ1amNTdS1LX1ZsUFJvNHAzYUR5SXh4NWJpY0FhZG8xSzVHT0lvb2x2c2VzdEZlV3Itdnlwd3ZmN1hoTFAzTndhcU1lSURuY0o4OWNYZS00QVduNkM3RXdHUXY0bVFUaGxsWHpZc3VjUGNDZWtmdnExck1SclBsaU5iaWQ5RC1la05QSmZRZEE3alBXMHZCS0JfS096c09CV3czdlFyTklSRkVyMnY0Um94ODlnTTRyZU1zN2VfWENsZDlfR0d2MG80ekkzdm5DWlM5TURKcTQ5b3huX01SWmVqU0dwOFYxSVdWbUg0clp6dHRmYkFNNWJOVXpuTEZPbk5Kb1VRZVBUMU5BVDliQmZ0NG5JWW5scExwZ1JrNlREWm95VmV3N3pqX1cxLWw3Zk12RUFub05iNHZ6Zk9oUkln?oc=5"" target=""_blank"">搶買台積電！神山跌55元後一度回到1995元 專家：小心又變臉</a>&nbsp;&nbsp;<font color=""#6f6f6f"">Yahoo股市</font>",https://news.google.com/rss/articles/CBMihANBVV95cUxPZWlFQVZpbmw1cTl0Y2tkdWE4Z0xXejNpTGF5UmhFS2xRS2tTc19YZ25DcTB3UkVpYnBEMW1VcHRMbkFtUVVhSzRIRTZ1amNTdS1LX1ZsUFJvNHAzYUR5SXh4NWJpY0FhZG8xSzVHT0lvb2x2c2VzdEZlV3Itdnlwd3ZmN1hoTFAzTndhcU1lSURuY0o4OWNYZS00QVduNkM3RXdHUXY0bVFUaGxsWHpZc3VjUGNDZWtmdnExck1SclBsaU5iaWQ5RC1la05QSmZRZEE3alBXMHZCS0JfS096c09CV3czdlFyTklSRkVyMnY0Um94ODlnTTRyZU1zN2VfWENsZDlfR0d2MG80ekkzdm5DWlM5TURKcTQ5b3huX01SWmVqU0dwOFYxSVdWbUg0clp6dHRmYkFNNWJOVXpuTEZPbk5Kb1VRZVBUMU5BVDliQmZ0NG5JWW5scExwZ1JrNlREWm95VmV3N3pqX1cxLWw3Zk12RUFub05iNHZ6Zk9oUkln?oc=5,GoogleNewsRSS
2026-03-05,千金股解密—台積電2330 - 自由財經,"<a href=""https://news.google.com/rss/articles/CBMiX0FVX3lxTFBVU0pxeDlDVkpmV1Q1eEctZ19LYUdMLXVwc3hkdms5TWZrblFrMFgtRjdETnp1YWdST3A1NVQ1dGJOS0pIRTNmUElveEFhRFo3QWc0Y2hrX29YdDZZY0xB0gFkQVVfeXFMUGdZVkt2SDE2Mkh4Z0luaWlrcWUyZ1lDYzl0Q0hxUEkzeHZXYkMyc1FZcHVVYzMxaklCdkZJN0lwV3lfejRFeG5mN0hSeDFCZjd2emI3S3E4MFdqZnQ4RmxNUzRMSQ?oc=5"" target=""_blank"">千金股解密—台積電2330</a>&nbsp;&nbsp;<font color=""#6f6f6f"">自由財經</font>",https://news.google.com/rss/articles/CBMiX0FVX3lxTFBVU0pxeDlDVkpmV1Q1eEctZ19LYUdMLXVwc3hkdms5TWZrblFrMFgtRjdETnp1YWdST3A1NVQ1dGJOS0pIRTNmUElveEFhRFo3QWc0Y2hrX29YdDZZY0xB0gFkQVVfeXFMUGdZVkt2SDE2Mkh4Z0luaWlrcWUyZ1lDYzl0Q0hxUEkzeHZXYkMyc1FZcHVVYzMxaklCdkZJN0lwV3lfejRFeG5mN0hSeDFCZjd2emI3S3E4MFdqZnQ4RmxNUzRMSQ?oc=5,GoogleNewsRSS
2026-02-24,台積電2025元天價！近18萬股東聽魏哲家的話 一張最高賺107萬元 - Yahoo股市,"<a href=""https://news.google.com/rss/articles/CBMiiANBVV95cUxOSWlZMnV1VGJpSENXUWdkNVF6UmtzQ1BIeXVRekdwOHVwRVFWcUUtNG1GSEF0VTJTTFdVcm9ZQ1R5MlBlSE0yYW5MeVA0NGNOMFlEa3FJc2dHME5kTGJfTmZlOXdJbENEVVprc25KSk1pR3VwZFVNVzI5OWU0bmY4blo0N3l3UFNkU25sWGdEaDdKRkEzUmUxTVpUZTJZa1dteVI4ZlU2a1FsOVFWeEo5b01aU1NWSy1DRm54LXVoa0Qtdk5RVTNmUWNkZ0tHd2ZmT25DUWUtaWh1dmx2TzMxMGFvbnhKWU5rNVV1RF9YNHljWGRKdnZhblpGakpZM2ZWX3I2UVVDNmd1X1lUQlU5MWRYR2ZBRVc5STVfd2FYM0JCTjgyOVhVWjFUdzZya2ZPbnNZYXJCVXFRaXRfTmxETjByeV94V3JydnBubnJycDlxQWJSQXlWQUZEWXltbVBXb005WUN6MVB3clFETWNFczRIQ3F3MW9FWklNSU9YWVN1QlVreFRRbg?oc=5"" target=""_blank"">台積電2025元天價！近18萬股東聽魏哲家的話 一張最高賺107萬元</a>&nbsp;&nbsp;<font color=""#6f6f6f"">Yahoo股市</font>",https://news.google.com/rss/articles/CBMiiANBVV95cUxOSWlZMnV1VGJpSENXUWdkNVF6UmtzQ1BIeXVRekdwOHVwRVFWcUUtNG1GSEF0VTJTTFdVcm9ZQ1R5MlBlSE0yYW5MeVA0NGNOMFlEa3FJc2dHME5kTGJfTmZlOXdJbENEVVprc25KSk1pR3VwZFVNVzI5OWU0bmY4blo0N3l3UFNkU25sWGdEaDdKRkEzUmUxTVpUZTJZa1dteVI4ZlU2a1FsOVFWeEo5b01aU1NWSy1DRm54LXVoa0Qtdk5RVTNmUWNkZ0tHd2ZmT25DUWUtaWh1dmx2TzMxMGFvbnhKWU5rNVV1RF9YNHljWGRKdnZhblpGakpZM2ZWX3I2UVVDNmd1X1lUQlU5MWRYR2ZBRVc5STVfd2FYM0JCTjgyOVhVWjFUdzZya2ZPbnNZYXJCVXFRaXRfTmxETjByeV94V3JydnBubnJycDlxQWJSQXlWQUZEWXltbVBXb005WUN6MVB3clFETWNFczRIQ3F3MW9FWklNSU9YWVN1QlVreFRRbg?oc=5,GoogleNewsRSS
2026-02-25,台積電股價2025元，股海老鳥為何喊不想看到3000元？原來「天價背後」可能有這難解的危機 - 今周刊,"<a href=""https://news.google.com/rss/articles/CBMigAFBVV95cUxNa0M4OExheXNQa0tqODJGSmxRT1JiZGx3Y2N0bFNKaUxoTkJYdGhiNWhsdmhWTERRWXR3YTVpUDVweTR6QktuNTkxYW9RSU45YTluR2txNWlQa0o3U1FlTGhiYVYzSWg3Y0V3R0FnWnVtdE14dmVwcXVSOEIyTTU5Sw?oc=5"" target=""_blank"">台積電股價2025元，股海老鳥為何喊不想看到3000元？原來「天價背後」可能有這難解的危機</a>&nbsp;&nbsp;<font color=""#6f6f6f"">今周刊</font>",https://news.google.com/rss/articles/CBMigAFBVV95cUxNa0M4OExheXNQa0tqODJGSmxRT1JiZGx3Y2N0bFNKaUxoTkJYdGhiNWhsdmhWTERRWXR3YTVpUDVweTR6QktuNTkxYW9RSU45YTluR2txNWlQa0o3U1FlTGhiYVYzSWg3Y0V3R0FnWnVtdE14dmVwcXVSOEIyTTU5Sw?oc=5,GoogleNewsRSS
2026-03-02,台積電（2330）下一個目標價格3640元？杜金龍曝光算法：5年後| 台股雜談| 股市 - 聯合新聞網,"<a href=""https://news.google.com/rss/articles/CBMiUkFVX3lxTFBpN0U0X3ZBTXE1dDRvZ05SUXZxSHVydFpCWXdkVDhNUDhldnFPZkhZYkFOZEYybUw2SVpqdnVKV2NuVktseHJWWk9pQ0NqTzFvZkE?oc=5"" target=""_blank"">台積電（2330）下一個目標價格3640元？杜金龍曝光算法：5年後| 台股雜談| 股市</a>&nbsp;&nbsp;<font color=""#6f6f6f"">聯合新聞網</font>",https://news.google.com/rss/articles/CBMiUkFVX3lxTFBpN0U0X3ZBTXE1dDRvZ05SUXZxSHVydFpCWXdkVDhNUDhldnFPZkhZYkFOZEYybUw2SVpqdnVKV2NuVktseHJWWk9pQ0NqTzFvZkE?oc=5,GoogleNewsRSS
2026-02-24,台積電被列注意股恐關禁閉？一直漲到2000元！投資人笑喊「誰敢」：有種抓進去處置 - Yahoo股市,"<a href=""https://news.google.com/rss/articles/CBMizgNBVV95cUxOS29MNnVMV2UwSGkxdWZpZGRrZG1RM0lPYW1EMEs1bFpsT21TWm12aV9sQmZVODliT1Ytd2FQMVMtZlhhYkpyR1g4UFBMay1fSWZlWFUzN18yU2VGanNsSTFWaDB2bWpURDA2dGR0eVpCa1NxUU9xYnBLbmxaVEVjbUROUDgzZzJOWWF6bXRMZnZySFpBWUhwcFN3YUZ0TUdLSUtwUlJ6ODY2MUVnY2k3LWxBLXd3WXVIOFZjd2NwZXEyQkdhNFlZWjF4MlFvOFpCRnJMN0NoczhXNzlTTVNtb0VZR2NsV1dJUFAzU3BBbVVYZFRpOXNocGh0NFJ1UElnSThET3UzMVlMV2xCaG13T0VrcVRfQzl1TzdrNEh0MW9lbk14Wmh6TXN6SEpxS2c5UndhbVU4N1Y4Zk1BSktoT2R6emxOV3E2TnFMQW16QkdwczJkX3EzRlRMMHBvbTdCcUdZUFFnU29VTENwOHU2eXVLZmdWMzJJc0k2UE9CanRCNUVzaTh2UVVESjh5WUJCNTAxa3lrZ0FEdXJxT204YkpnSXV0WmFxdU5sTW5ZX2FOWkJzc0N3ZXhtX1pCRGxvckx1aE8zYy1YVDFLUnc?oc=5"" target=""_blank"">台積電被列注意股恐關禁閉？一直漲到2000元！投資人笑喊「誰敢」：有種抓進去處置</a>&nbsp;&nbsp;<font color=""#6f6f6f"">Yahoo股市</font>",https://news.google.com/rss/articles/CBMizgNBVV95cUxOS29MNnVMV2UwSGkxdWZpZGRrZG1RM0lPYW1EMEs1bFpsT21TWm12aV9sQmZVODliT1Ytd2FQMVMtZlhhYkpyR1g4UFBMay1fSWZlWFUzN18yU2VGanNsSTFWaDB2bWpURDA2dGR0eVpCa1NxUU9xYnBLbmxaVEVjbUROUDgzZzJOWWF6bXRMZnZySFpBWUhwcFN3YUZ0TUdLSUtwUlJ6ODY2MUVnY2k3LWxBLXd3WXVIOFZjd2NwZXEyQkdhNFlZWjF4MlFvOFpCRnJMN0NoczhXNzlTTVNtb0VZR2NsV1dJUFAzU3BBbVVYZFRpOXNocGh0NFJ1UElnSThET3UzMVlMV2xCaG13T0VrcVRfQzl1TzdrNEh0MW9lbk14Wmh6TXN6SEpxS2c5UndhbVU4N1Y4Zk1BSktoT2R6emxOV3E2TnFMQW16QkdwczJkX3EzRlRMMHBvbTdCcUdZUFFnU29VTENwOHU2eXVLZmdWMzJJc0k2UE9CanRCNUVzaTh2UVVESjh5WUJCNTAxa3lrZ0FEdXJxT204YkpnSXV0WmFxdU5sTW5ZX2FOWkJzc0N3ZXhtX1pCRGxvckx1aE8zYy1YVDFLUnc?oc=5,GoogleNewsRSS
2026-02-25,台積電（2330）「蛋清」囉！阿格力：不要太預設立場ADR來看已到2400元 - 聯合新聞網,"<a href=""https://news.google.com/rss/articles/CBMiUkFVX3lxTFAwQUh4blZzQThuTzhPMEVNZ1hLUW12VEhrTDF3YllNOHhxUVZyTG5RcVF0Q0o4RVA1VXhyVklaaGx3UUs0YVhqS3pZdVJ0cS1EenfSAVdBVV95cUxPOHZBVmhBUFBsNlc0N3huS1JENHBtQ1RkMjZTQXEzekZxd0hZb1pCNEVfQjdhV0x5dnQwN1p6RnNyMDFlWHkwdkVCbEZ3TkozUG9oMHc1WG8?oc=5"" target=""_blank"">台積電（2330）「蛋清」囉！阿格力：不要太預設立場ADR來看已到2400元</a>&nbsp;&nbsp;<font color=""#6f6f6f"">聯合新聞網</font>",https://news.google.com/rss/articles/CBMiUkFVX3lxTFAwQUh4blZzQThuTzhPMEVNZ1hLUW12VEhrTDF3YllNOHhxUVZyTG5RcVF0Q0o4RVA1VXhyVklaaGx3UUs0YVhqS3pZdVJ0cS1EenfSAVdBVV95cUxPOHZBVmhBUFBsNlc0N3huS1JENHBtQ1RkMjZTQXEzekZxd0hZb1pCNEVfQjdhV0x5dnQwN1p6RnNyMDFlWHkwdkVCbEZ3TkozUG9oMHc1WG8?oc=5,GoogleNewsRSS
2026-02-24,誰偷買台積電？最後1分鐘8011張神祕買單 外資砸135億元認錯回補 - Yahoo股市,"<a href=""https://news.google.com/rss/articles/CBMikwNBVV95cUxObjllcDRCZnVOdWRYa1puN3BrTmc2V29uMFUwbkhGNXNybjRQRE9OWmE1dGxLeHgxeVkzZDZrbFpsUFljUjlBSWJwUGlnYVdyMTg3SXpwbDlaVDJpcElBUWVXS0poZGg2QmsyZGdGRkpZOGdFZVoyZTlsRWFVaWEzcWVaUzNScERqbElvZmdUWm9VY2Q0MXB4R0VfclR3dnFYMUhLOG8wckloekItRmVDcmVBeVljM1ZzT29veTZwc0pmdmVQMnpmZlkzRUlna2w1ZGM2V3hpZXFTYWVhaFlBa3Vnei1HTGJHY2V4U1ltNm9GN2dHYWRNbDJEMy1wR1FHeGpSUDRIcFBabkZNbGV5UW5nN2J6c2hXX1dkRmdwQnZ3QUFTQjZPN04tNm5qeDFKWGRiOHZMY19Tanc2NGpUTG9sTFpocWVpRkFJS2VBb3Zxd1RIOVNsTVdGRjdFV2gtcUxPSnh3X3ctWmFHeXotMk5oOXh5RHNqcm5RVnBkc2xxbzlOc1FpaUlHMkR2c1JRRzJF?oc=5"" target=""_blank"">誰偷買台積電？最後1分鐘8011張神祕買單 外資砸135億元認錯回補</a>&nbsp;&nbsp;<font color=""#6f6f6f"">Yahoo股市</font>",https://news.google.com/rss/articles/CBMikwNBVV95cUxObjllcDRCZnVOdWRYa1puN3BrTmc2V29uMFUwbkhGNXNybjRQRE9OWmE1dGxLeHgxeVkzZDZrbFpsUFljUjlBSWJwUGlnYVdyMTg3SXpwbDlaVDJpcElBUWVXS0poZGg2QmsyZGdGRkpZOGdFZVoyZTlsRWFVaWEzcWVaUzNScERqbElvZmdUWm9VY2Q0MXB4R0VfclR3dnFYMUhLOG8wckloekItRmVDcmVBeVljM1ZzT29veTZwc0pmdmVQMnpmZlkzRUlna2w1ZGM2V3hpZXFTYWVhaFlBa3Vnei1HTGJHY2V4U1ltNm9GN2dHYWRNbDJEMy1wR1FHeGpSUDRIcFBabkZNbGV5UW5nN2J6c2hXX1dkRmdwQnZ3QUFTQjZPN04tNm5qeDFKWGRiOHZMY19Tanc2NGpUTG9sTFpocWVpRkFJS2VBb3Zxd1RIOVNsTVdGRjdFV2gtcUxPSnh3X3ctWmFHeXotMk5oOXh5RHNqcm5RVnBkc2xxbzlOc1FpaUlHMkR2c1JRRzJF?oc=5,GoogleNewsRSS
2026-02-24,台積電衝到2025元了！列注意股照噴 市值破52兆元 - Yahoo股市,"<a href=""https://news.google.com/rss/articles/CBMiyAJBVV95cUxPcG5oUkptUXAtVnRCQkVnTDJ0Q0NFRDBua3o0S1RPMWlMNkNuNzJSRGdNSDNqdWo3bDczN3VpSWMzeGl4TDhQVmdsaGJxNzlxUlVXcnF5b0hkb0hwQndUVlhFWGFpVWlhbWQ4ME4wNkVNZzE4cGItU3FYV2JuSTMwMDQtMkotZzU0LVBNM25DYTJJYmpyMFNjbC1WOTNudV9ldjdpRVEzRWN0N3JpVWdHWV9PVk1sWXFGZG9ZajY5UUswMi1KeGN1WHVTY1dBV0VJRHFsbUNMT2NnZ2l1VFdjR1BmVFk1N3JPSmdUUFdFY0NQcmJUVjFfUldReENsaHhXQjYyNndwSHQxMzJXZE1jSU5ISzVocWcyMFBYR0RGRXY2eXIxM3ZvQnBPMjdSLTlKbmMyVmNIZXFQcE9Wc3Z0UGF5WFhITm9z?oc=5"" target=""_blank"">台積電衝到2025元了！列注意股照噴 市值破52兆元</a>&nbsp;&nbsp;<font color=""#6f6f6f"">Yahoo股市</font>",https://news.google.com/rss/articles/CBMiyAJBVV95cUxPcG5oUkptUXAtVnRCQkVnTDJ0Q0NFRDBua3o0S1RPMWlMNkNuNzJSRGdNSDNqdWo3bDczN3VpSWMzeGl4TDhQVmdsaGJxNzlxUlVXcnF5b0hkb0hwQndUVlhFWGFpVWlhbWQ4ME4wNkVNZzE4cGItU3FYV2JuSTMwMDQtMkotZzU0LVBNM25DYTJJYmpyMFNjbC1WOTNudV9ldjdpRVEzRWN0N3JpVWdHWV9PVk1sWXFGZG9ZajY5UUswMi1KeGN1WHVTY1dBV0VJRHFsbUNMT2NnZ2l1VFdjR1BmVFk1N3JPSmdUUFdFY0NQcmJUVjFfUldReENsaHhXQjYyNndwSHQxMzJXZE1jSU5ISzVocWcyMFBYR0RGRXY2eXIxM3ZvQnBPMjdSLTlKbmMyVmNIZXFQcE9Wc3Z0UGF5WFhITm9z?oc=5,GoogleNewsRSS
2026-03-18,華爾街操盤手喊台積電（2330）上看3000元！網掀「多空交鋒」憂短期股價混亂 - 聯合新聞網,"<a href=""https://news.google.com/rss/articles/CBMiUkFVX3lxTE9JMUFVdFY1dFc1bDVYWGFIUDZ2cHVQek5FR015ODlYdHpkajVZdFlndWZSdmxkVXZqa2tKMC1DOW53NWlBTWRWX3RLRENpSE5TMXfSAVdBVV95cUxPbmxhRGFIbGxUWl9tNTFpdGN0QnoyREUxUk9lZ1ZQV0g2WHd2d3JrdFdwZ196WjJDZS1IVHh2TXZiTVREelpxckpPNlVrSkRZWlpxbXFmS2s?oc=5"" target=""_blank"">華爾街操盤手喊台積電（2330）上看3000元！網掀「多空交鋒」憂短期股價混亂</a>&nbsp;&nbsp;<font color=""#6f6f6f"">聯合新聞網</font>",https://news.google.com/rss/articles/CBMiUkFVX3lxTE9JMUFVdFY1dFc1bDVYWGFIUDZ2cHVQek5FR015ODlYdHpkajVZdFlndWZSdmxkVXZqa2tKMC1DOW53NWlBTWRWX3RLRENpSE5TMXfSAVdBVV95cUxPbmxhRGFIbGxUWl9tNTFpdGN0QnoyREUxUk9lZ1ZQV0g2WHd2d3JrdFdwZ196WjJDZS1IVHh2TXZiTVREelpxckpPNlVrSkRZWlpxbXFmS2s?oc=5,GoogleNewsRSS
2026-02-25,早就準備好500萬　夫妻倆「一早閉眼All in」：等不到台積電下跌 - ETtoday財經雲,"<a href=""https://news.google.com/rss/articles/CBMiUkFVX3lxTE5JZ1hsUHlQMFAtM2VUZGdhdFNMN3hjZkpxRW5vWEY5LU41a1ZXaE5QaHhLWDVod1puWVA0TGp0WHIxajFhYjNWVjVpaFhvXzlpaFHSAW5BVV95cUxQb25XTm91Y1RjQl9NYnZZR09LSUI4VGYwMkRCcUpHaDhJS0lkSFJuZjUzeDVQdm4xM1RvOWtLLWVtV3FwUlBZeFZaYzMxYmw0ZFBZNTM5LUZ4b2pRMjRBcUI5Mm9XdmpjajVzT2lRdw?oc=5"" target=""_blank"">早就準備好500萬　夫妻倆「一早閉眼All in」：等不到台積電下跌</a>&nbsp;&nbsp;<font color=""#6f6f6f"">ETtoday財經雲</font>",https://news.google.com/rss/articles/CBMiUkFVX3lxTE5JZ1hsUHlQMFAtM2VUZGdhdFNMN3hjZkpxRW5vWEY5LU41a1ZXaE5QaHhLWDVod1puWVA0TGp0WHIxajFhYjNWVjVpaFhvXzlpaFHSAW5BVV95cUxQb25XTm91Y1RjQl9NYnZZR09LSUI4VGYwMkRCcUpHaDhJS0lkSFJuZjUzeDVQdm4xM1RvOWtLLWVtV3FwUlBZeFZaYzMxYmw0ZFBZNTM5LUZ4b2pRMjRBcUI5Mm9XdmpjajVzT2lRdw?oc=5,GoogleNewsRSS
2026-02-26,指數投資很愛看衰台積電（2330）？Ffaarr：不可能！我們都是在作多市場| 存股族愛ETF | 股市 - 聯合新聞網,"<a href=""https://news.google.com/rss/articles/CBMiU0FVX3lxTE9iMEVoT1dOTGJxMWlOQzJzYXpOOWxSbWVfWEJIVG05dVl5XzdhNzh2aVo0eXhMc2pNWmpqNHF4OG53V1BZZ3RMMlBBY2xLVFowVGxZ?oc=5"" target=""_blank"">指數投資很愛看衰台積電（2330）？Ffaarr：不可能！我們都是在作多市場| 存股族愛ETF | 股市</a>&nbsp;&nbsp;<font color=""#6f6f6f"">聯合新聞網</font>",https://news.google.com/rss/articles/CBMiU0FVX3lxTE9iMEVoT1dOTGJxMWlOQzJzYXpOOWxSbWVfWEJIVG05dVl5XzdhNzh2aVo0eXhMc2pNWmpqNHF4OG53V1BZZ3RMMlBBY2xLVFowVGxZ?oc=5,GoogleNewsRSS
2026-03-08,【台積愈跌愈撿1】台積電股東上周狂增23萬人 一張帳面賠10萬元 - Yahoo股市,"<a href=""https://news.google.com/rss/articles/CBMimwNBVV95cUxPSjZiUFQ0VjZSRGs1QzdFbWx0VWVkV3ZBSXNDc2ZoUGhuSGtqR0s5Qi1sUHNTLXdOdHJXcGFlQ1hkN1Rvck5FNHhPUThhUXJJLWRWb2Vody13LTllV3hoOWoxZDNNNENuOTJpeENDYnBuc0hyNllXTWt0aEpSMzRtaDJHXzFZUEtaeEJZZnQtVTFnZ18yRU4yOG9YdlJvTjcwVzlaWjVfb1lyM1I5a1BNQW55dTlPRjkxazVNbmJsY0ZsS19tWGtkVHZsTUxzbnJPRXl2OVZmc1g4dUNzVkJXZjMtMjJDR1Uzck12dkVUYUxaRGxDWHJ3cENGTXMwNTFGZTlVVlNOQ2x3OFFPQWdiZG4zd1RvOUJtb3NLdllBM0JsWHoxcWRrcERLSmM1LW5NQXZiTWlvd3o2R0RxOHMxaEFySFQxRXFnN0cwZlRuRHc4cDdBb0YwRTJPTUpsdFZqVlR6cUI2dmpZb0swRGJMRW94cFNfSFNjS0VtdXBaNG9VSTh1Z1hGWmVEaUpLMXpkN2xacFF5SG9fNUU?oc=5"" target=""_blank"">【台積愈跌愈撿1】台積電股東上周狂增23萬人 一張帳面賠10萬元</a>&nbsp;&nbsp;<font color=""#6f6f6f"">Yahoo股市</font>",https://news.google.com/rss/articles/CBMimwNBVV95cUxPSjZiUFQ0VjZSRGs1QzdFbWx0VWVkV3ZBSXNDc2ZoUGhuSGtqR0s5Qi1sUHNTLXdOdHJXcGFlQ1hkN1Rvck5FNHhPUThhUXJJLWRWb2Vody13LTllV3hoOWoxZDNNNENuOTJpeENDYnBuc0hyNllXTWt0aEpSMzRtaDJHXzFZUEtaeEJZZnQtVTFnZ18yRU4yOG9YdlJvTjcwVzlaWjVfb1lyM1I5a1BNQW55dTlPRjkxazVNbmJsY0ZsS19tWGtkVHZsTUxzbnJPRXl2OVZmc1g4dUNzVkJXZjMtMjJDR1Uzck12dkVUYUxaRGxDWHJ3cENGTXMwNTFGZTlVVlNOQ2x3OFFPQWdiZG4zd1RvOUJtb3NLdllBM0JsWHoxcWRrcERLSmM1LW5NQXZiTWlvd3o2R0RxOHMxaEFySFQxRXFnN0cwZlRuRHc4cDdBb0YwRTJPTUpsdFZqVlR6cUI2dmpZb0swRGJMRW94cFNfSFNjS0VtdXBaNG9VSTh1Z1hGWmVEaUpLMXpkN2xacFF5SG9fNUU?oc=5,GoogleNewsRSS
2026-03-03,嫌0050台積電（2330）占比過高？真實「盲點」曝光：是你台股買太多！ | 存股族愛ETF | 股市 - 聯合新聞網,"<a href=""https://news.google.com/rss/articles/CBMiU0FVX3lxTE1JcnVOZGQ4Vl9iZld0T0FYeTVmcVF3Z01keGtjWlBhNFQ2UWtDSkpVdmNLbWIydWFZTG0tb3dHVWh4N0FpZVlPVklwTTBzQ0pMX1Jj?oc=5"" target=""_blank"">嫌0050台積電（2330）占比過高？真實「盲點」曝光：是你台股買太多！ | 存股族愛ETF | 股市</a>&nbsp;&nbsp;<font color=""#6f6f6f"">聯合新聞網</font>",https://news.google.com/rss/articles/CBMiU0FVX3lxTE1JcnVOZGQ4Vl9iZld0T0FYeTVmcVF3Z01keGtjWlBhNFQ2UWtDSkpVdmNLbWIydWFZTG0tb3dHVWh4N0FpZVlPVklwTTBzQ0pMX1Jj?oc=5,GoogleNewsRSS
2026-02-10,誰砸123億抬價？台積電最後一盤灌入6541張買單 市值飆至48.75兆 - Yahoo股市,"<a href=""https://news.google.com/rss/articles/CBMi6wJBVV95cUxNZlFMdlgtMndKcEFza1FyaktKVDZMT2NXcGhGamdTTVBVU2NxT1Z4NEI5SmVTaUo1eEtHd1hTMXl2U0ZsdENNSDRkOVBGaGwtUEJrZGVRN2ZURjZYT3JGNVVDUWVvUHNwMF9mbEkweDRKeGdTU3hBd1JJQ1FXbzQ4eGtwc1pQWUhEOHFwbm5mOU1KbmVKY1RIN01QR2dsUUpSbHEtS0tRZDVMVVJLa2FhZGx2SkpkaGc1ZVNMLVpoaU92SmRvQkY3ZzJQTVRRZFd3ZUd5SXpRQkJYanB3OUxvQnNpWk56UmdMY0t3bGtlcHhIVS1xcklyVU8tQy1WZ0pndFhnUVIwbFBFUVpBYW1paE43QWJiZ1lpcTdVMUx2cXRTY1NKMkhDRWVrRmZ2TkRLdkYtQ0s3OWR4Zl9UT0xCc054ZGlaWFItRFg5TXNQcm42SEJfYXZnOTR0clBzSi1ha1lwUlI2VXVsMlE?oc=5"" target=""_blank"">誰砸123億抬價？台積電最後一盤灌入6541張買單 市值飆至48.75兆</a>&nbsp;&nbsp;<font color=""#6f6f6f"">Yahoo股市</font>",https://news.google.com/rss/articles/CBMi6wJBVV95cUxNZlFMdlgtMndKcEFza1FyaktKVDZMT2NXcGhGamdTTVBVU2NxT1Z4NEI5SmVTaUo1eEtHd1hTMXl2U0ZsdENNSDRkOVBGaGwtUEJrZGVRN2ZURjZYT3JGNVVDUWVvUHNwMF9mbEkweDRKeGdTU3hBd1JJQ1FXbzQ4eGtwc1pQWUhEOHFwbm5mOU1KbmVKY1RIN01QR2dsUUpSbHEtS0tRZDVMVVJLa2FhZGx2SkpkaGc1ZVNMLVpoaU92SmRvQkY3ZzJQTVRRZFd3ZUd5SXpRQkJYanB3OUxvQnNpWk56UmdMY0t3bGtlcHhIVS1xcklyVU8tQy1WZ0pndFhnUVIwbFBFUVpBYW1paE43QWJiZ1lpcTdVMUx2cXRTY1NKMkhDRWVrRmZ2TkRLdkYtQ0s3OWR4Zl9UT0xCc054ZGlaWFItRFg5TXNQcm42SEJfYXZnOTR0clBzSi1ha1lwUlI2VXVsMlE?oc=5,GoogleNewsRSS
2026-02-21,台積電1900塊以上太貴了買不下去？他靠零股持續買進：期待破2330那天 - 聯合新聞網,"<a href=""https://news.google.com/rss/articles/CBMiUkFVX3lxTE1qaVhOUGtKU09GNnZMZDV2OWl6OUM5b2tHSEhsMVNoY3JBWThIU2x0RzhLUkw0cGV0Yzd2Y2lCQmt1UUpsblZzZUwwa2M2U2F3SWc?oc=5"" target=""_blank"">台積電1900塊以上太貴了買不下去？他靠零股持續買進：期待破2330那天</a>&nbsp;&nbsp;<font color=""#6f6f6f"">聯合新聞網</font>",https://news.google.com/rss/articles/CBMiUkFVX3lxTE1qaVhOUGtKU09GNnZMZDV2OWl6OUM5b2tHSEhsMVNoY3JBWThIU2x0RzhLUkw0cGV0Yzd2Y2lCQmt1UUpsblZzZUwwa2M2U2F3SWc?oc=5,GoogleNewsRSS
2026-02-26,不只張忠謀早說過…台積電狂飆背後的神預言 - 自由財經,"<a href=""https://news.google.com/rss/articles/CBMiX0FVX3lxTFBSWmdDSk5JV1NaTldJbTdXWENPbHVzZEZtQ0VFTkZMTUc5b1NJRnhWUmpwdDlQc2lnbDJ4WVB3dE1Fd3JoRERsQUplX0xRbHVwSlAzcFBKN0EzVnZVcnpr?oc=5"" target=""_blank"">不只張忠謀早說過…台積電狂飆背後的神預言</a>&nbsp;&nbsp;<font color=""#6f6f6f"">自由財經</font>",https://news.google.com/rss/articles/CBMiX0FVX3lxTFBSWmdDSk5JV1NaTldJbTdXWENPbHVzZEZtQ0VFTkZMTUc5b1NJRnhWUmpwdDlQc2lnbDJ4WVB3dE1Fd3JoRERsQUplX0xRbHVwSlAzcFBKN0EzVnZVcnpr?oc=5,GoogleNewsRSS
2026-02-24,"台積電今年衝上3,000元倒成警訊？ 蔡明翰解析股價估值：我會站賣方 | 財經 - Newtalk新聞","<a href=""https://news.google.com/rss/articles/CBMiW0FVX3lxTFBib3FzTEp4OUF1YmNxS21LX1pybkRXUzNEcFp2ZUU2UnB2T3U3ekJsb2VoYzd5SzZyTzNnQ25heDhRU0RtWFlZX3RVemdiYWF2Z0NpWEZjbVlPc1k?oc=5"" target=""_blank"">台積電今年衝上3,000元倒成警訊？ 蔡明翰解析股價估值：我會站賣方 | 財經</a>&nbsp;&nbsp;<font color=""#6f6f6f"">Newtalk新聞</font>",https://news.google.com/rss/articles/CBMiW0FVX3lxTFBib3FzTEp4OUF1YmNxS21LX1pybkRXUzNEcFp2ZUU2UnB2T3U3ekJsb2VoYzd5SzZyTzNnQ25heDhRU0RtWFlZX3RVemdiYWF2Z0NpWEZjbVlPc1k?oc=5,GoogleNewsRSS
2026-03-09,台積電2月營收3176億元！月減 21% 仍創史上單月第十強 - Yahoo股市,"<a href=""https://news.google.com/rss/articles/CBMi1wJBVV95cUxOUS12a2JaWmpHUWg2czRxSlRQWkdsS1BYYkg1ZlZpQURmUkdqelJCVjV0ZWZRVHUzd3VqdTF3Q1IwWjA4OE45UW0tMEtVVWw3ZnVsZjZSVFQ4czJ0dmdXdmlUU2djQ2tNcWRVT0JUR0dFRW11Z1FhTzhTbTM3dWZ3NklCcC1UekwyUzNpeFlBT2NYS2tyemttU2tEOVFzNGwyTndlTFFZVEc5M09PSWw3eTlKdU5zTXFUMDNfVGdPME1xb0ktNXZ1dFVZRUdCRl82WmduZWRrWHNhLUppRXRiQmNMRGtURjJPUlQzMUlrVVNnbmJQQVpYTzBGUzFTLVNjTmtmTnNEQ0NzRmF2dTd1T1pUSW9pUTh5M2tXRFVjXzFHQi1XbUkza0VuMGdMNzZKUkY3WDlPRnpsTEJhQ3BUbml1Z1p3eFFTVmxrY2VFMkNCSkotdG4w?oc=5"" target=""_blank"">台積電2月營收3176億元！月減 21% 仍創史上單月第十強</a>&nbsp;&nbsp;<font color=""#6f6f6f"">Yahoo股市</font>",https://news.google.com/rss/articles/CBMi1wJBVV95cUxOUS12a2JaWmpHUWg2czRxSlRQWkdsS1BYYkg1ZlZpQURmUkdqelJCVjV0ZWZRVHUzd3VqdTF3Q1IwWjA4OE45UW0tMEtVVWw3ZnVsZjZSVFQ4czJ0dmdXdmlUU2djQ2tNcWRVT0JUR0dFRW11Z1FhTzhTbTM3dWZ3NklCcC1UekwyUzNpeFlBT2NYS2tyemttU2tEOVFzNGwyTndlTFFZVEc5M09PSWw3eTlKdU5zTXFUMDNfVGdPME1xb0ktNXZ1dFVZRUdCRl82WmduZWRrWHNhLUppRXRiQmNMRGtURjJPUlQzMUlrVVNnbmJQQVpYTzBGUzFTLVNjTmtmTnNEQ0NzRmF2dTd1T1pUSW9pUTh5M2tXRFVjXzFHQi1XbUkza0VuMGdMNzZKUkY3WDlPRnpsTEJhQ3BUbml1Z1p3eFFTVmxrY2VFMkNCSkotdG4w?oc=5,GoogleNewsRSS
2026-02-23,台積電最後一單灌進8011張買單！收1965元天價 市值逼近51兆元 - Yahoo股市,"<a href=""https://news.google.com/rss/articles/CBMi_gJBVV95cUxPdDFhUkZ6cU4wSk9salBYUWZNWTlDT1ZUZG5OVnRzS0hJYVVPeVpic3ZONWJBak1pSmRtTkprXzdNZ0d5R2hjOE5vRmJIcnJma20zXzR6clFJYk5xaUVhcHVUOVZQSkNEaFMyeTdsNnE1UTlTQzlaSk9kdjgyQ0tSSGVTNFpQRUVJeHdPZ0EyWjJyMEtBZHlXcUpoMXZwSlFidUpjWFo4SXJ6SXNpNXRnTllEMk5HVkt3Z2w4REdaQjJFTjdJcjN0Z1NGaWN0c1AyMlZFcjNsRnk0TU42Y3VzMGV5eXU5V3BSQVRqLTVidkRzLUtmRmNmNGZIZ0pjUWcyQVJUVjhYaVlqbDFtUVlGelRmZFFCUnZLd2VaM0ZWTXBjOW9vampYSkdtUldZbmU5SDhPZUxUc1hMcWhDQXJkREl1bmdqYlZkYklRWFVvM19VWjk2V3AxVWF4WVRZeDVraUtEa2tpV1NXS2xER1AtTTJ3cEVBNmM3TmQyUTh3?oc=5"" target=""_blank"">台積電最後一單灌進8011張買單！收1965元天價 市值逼近51兆元</a>&nbsp;&nbsp;<font color=""#6f6f6f"">Yahoo股市</font>",https://news.google.com/rss/articles/CBMi_gJBVV95cUxPdDFhUkZ6cU4wSk9salBYUWZNWTlDT1ZUZG5OVnRzS0hJYVVPeVpic3ZONWJBak1pSmRtTkprXzdNZ0d5R2hjOE5vRmJIcnJma20zXzR6clFJYk5xaUVhcHVUOVZQSkNEaFMyeTdsNnE1UTlTQzlaSk9kdjgyQ0tSSGVTNFpQRUVJeHdPZ0EyWjJyMEtBZHlXcUpoMXZwSlFidUpjWFo4SXJ6SXNpNXRnTllEMk5HVkt3Z2w4REdaQjJFTjdJcjN0Z1NGaWN0c1AyMlZFcjNsRnk0TU42Y3VzMGV5eXU5V3BSQVRqLTVidkRzLUtmRmNmNGZIZ0pjUWcyQVJUVjhYaVlqbDFtUVlGelRmZFFCUnZLd2VaM0ZWTXBjOW9vampYSkdtUldZbmU5SDhPZUxUc1hMcWhDQXJkREl1bmdqYlZkYklRWFVvM19VWjk2V3AxVWF4WVRZeDVraUtEa2tpV1NXS2xER1AtTTJ3cEVBNmM3TmQyUTh3?oc=5,GoogleNewsRSS
2026-01-26,台積電（2330）一張170萬！百萬年薪不吃不喝兩年才買得起…網：為何堅持千股制 - 聯合新聞網,"<a href=""https://news.google.com/rss/articles/CBMiUkFVX3lxTE9WRVN1WlJ1TTU4ZUVmSFRJc09haUwxOXA4LS0wUHNHUDItSWtoSTdPU0w5SUxfZ1UycW8tWEZfWk12N0V6UXkxQjNBQ1BUMWJQTnfSAVdBVV95cUxOYkJwcUhGSlFoVC0tamJ0eHZtTEdGSWVDYkJ2LWpySHlGM0hvZkV1eWY2ZnMxdkQ3ck8tRnFlN3BYczBoNC1PM2pNN3VFbmo3Mk9nel96dXM?oc=5"" target=""_blank"">台積電（2330）一張170萬！百萬年薪不吃不喝兩年才買得起…網：為何堅持千股制</a>&nbsp;&nbsp;<font color=""#6f6f6f"">聯合新聞網</font>",https://news.google.com/rss/articles/CBMiUkFVX3lxTE9WRVN1WlJ1TTU4ZUVmSFRJc09haUwxOXA4LS0wUHNHUDItSWtoSTdPU0w5SUxfZ1UycW8tWEZfWk12N0V6UXkxQjNBQ1BUMWJQTnfSAVdBVV95cUxOYkJwcUhGSlFoVC0tamJ0eHZtTEdGSWVDYkJ2LWpySHlGM0hvZkV1eWY2ZnMxdkQ3ck8tRnFlN3BYczBoNC1PM2pNN3VFbmo3Mk9nel96dXM?oc=5,GoogleNewsRSS
2026-03-01,美以空襲伊朗衝擊！台股早盤一度跌逾800點 台積電開1940元 - Yahoo股市,"<a href=""https://news.google.com/rss/articles/CBMi5AJBVV95cUxQaEJ6TG9zZmpMWkNMQ1hDMFZTdjhWWWZCWmNzaGtUYlJMemh6YjVtZ3RwU2xFLUtwbXFBandTOUtUUHE2cDNMejNlZUpOM1hGMy1DRXRpbDZRVkxEZUJkTWdjWjAySThHTkJXMHhZa3R1eXFPazhtVlR1VHhiaE5KQjZHQV9fZEtrNEhpd2RrZjdyLXhMd1dYd0xfX0g2NHlSdmJsckh4NTA2Vi1OUHJnWENzS1pHc3NxOTh6YmNYVVNQRHQySF83bmdUZGJJYy1CeHdSRnBXblFueEhaMFNlZTUyV3d5Tko5SGR3YWpSQVJJNi10cnZGOWJ1YjlJc3N4SHJOZkNRMUJJU2JwSUlqalNrdnFfcFR4VjdxLWFJUzJ6SmQxWEVMTDBfaGNXdmtqSHlqMlpFNEdnbDAxWVBibXZUbG9xYWo2bS04bUhicHdfa2tQa0JZeHVsTVlXeHlQRkV3NQ?oc=5"" target=""_blank"">美以空襲伊朗衝擊！台股早盤一度跌逾800點 台積電開1940元</a>&nbsp;&nbsp;<font color=""#6f6f6f"">Yahoo股市</font>",https://news.google.com/rss/articles/CBMi5AJBVV95cUxQaEJ6TG9zZmpMWkNMQ1hDMFZTdjhWWWZCWmNzaGtUYlJMemh6YjVtZ3RwU2xFLUtwbXFBandTOUtUUHE2cDNMejNlZUpOM1hGMy1DRXRpbDZRVkxEZUJkTWdjWjAySThHTkJXMHhZa3R1eXFPazhtVlR1VHhiaE5KQjZHQV9fZEtrNEhpd2RrZjdyLXhMd1dYd0xfX0g2NHlSdmJsckh4NTA2Vi1OUHJnWENzS1pHc3NxOTh6YmNYVVNQRHQySF83bmdUZGJJYy1CeHdSRnBXblFueEhaMFNlZTUyV3d5Tko5SGR3YWpSQVJJNi10cnZGOWJ1YjlJc3N4SHJOZkNRMUJJU2JwSUlqalNrdnFfcFR4VjdxLWFJUzJ6SmQxWEVMTDBfaGNXdmtqSHlqMlpFNEdnbDAxWVBibXZUbG9xYWo2bS04bUhicHdfa2tQa0JZeHVsTVlXeHlQRkV3NQ?oc=5,GoogleNewsRSS
2026-03-08,台積電收跌80元「史上第三大」！ 市值瞬間蒸發2兆元 專家：繼續撿便宜 - Yahoo股市,"<a href=""https://news.google.com/rss/articles/CBMiygNBVV95cUxOTGU0cmQ1dW1iRnN2aVRkUVR2TTcwbXdCSDc3dEN3aE5qbE1HaGkzdTFmc2g0NWF5ZUFKUnVqNG1KazMxbXpId3dPU1VvcnQ5UHYtWkxnQTZLYjJ1NmhYdFJueWZPdG5NRUoycWlIZ0Z4WG9NTVZzMmZ5OUc5UEE3NVNYUVBjNmJxbUN6c3RZVV9yMy1CUl9udk52b0M1VFp4V0tfTWZGaHh4ZmF6MzdaclJLMWhKVTJYTmVVNkxuQ0FLUWFsWlE2bUtRZ1Q1Q0Nyb3hHbkZFRXBPaHRqNGFqYjVWUF9WY0oxb01SbFZmQlNOdmpaX2R2WGNPM1A1X3BuaTBqLWlLekdLOXhuVFAwTkIzMWpoM3BpT1dFT0FqZlF1ajl2amVuUjRXbnN4emZQQVdvSGlrV2dZeUVyVGdZbVlvRFlqZVpYSlh2VWhhZ1NTQW9INHlJTDhOdFVvSlUzVmF1SndsVnRGME9NS1ZEMHcxUkRJdTRaTlF5cjlSZ3A3T1BpVE85RkJqaVdNVmpEclg1OWFxejdXNDVEYmtSemNnNWNGZlBFUGNnQmZOdTQ1czI1U2t3THF4OEp0SXJxSHc2akRXN1BNUQ?oc=5"" target=""_blank"">台積電收跌80元「史上第三大」！ 市值瞬間蒸發2兆元 專家：繼續撿便宜</a>&nbsp;&nbsp;<font color=""#6f6f6f"">Yahoo股市</font>",https://news.google.com/rss/articles/CBMiygNBVV95cUxOTGU0cmQ1dW1iRnN2aVRkUVR2TTcwbXdCSDc3dEN3aE5qbE1HaGkzdTFmc2g0NWF5ZUFKUnVqNG1KazMxbXpId3dPU1VvcnQ5UHYtWkxnQTZLYjJ1NmhYdFJueWZPdG5NRUoycWlIZ0Z4WG9NTVZzMmZ5OUc5UEE3NVNYUVBjNmJxbUN6c3RZVV9yMy1CUl9udk52b0M1VFp4V0tfTWZGaHh4ZmF6MzdaclJLMWhKVTJYTmVVNkxuQ0FLUWFsWlE2bUtRZ1Q1Q0Nyb3hHbkZFRXBPaHRqNGFqYjVWUF9WY0oxb01SbFZmQlNOdmpaX2R2WGNPM1A1X3BuaTBqLWlLekdLOXhuVFAwTkIzMWpoM3BpT1dFT0FqZlF1ajl2amVuUjRXbnN4emZQQVdvSGlrV2dZeUVyVGdZbVlvRFlqZVpYSlh2VWhhZ1NTQW9INHlJTDhOdFVvSlUzVmF1SndsVnRGME9NS1ZEMHcxUkRJdTRaTlF5cjlSZ3A3T1BpVE85RkJqaVdNVmpEclg1OWFxejdXNDVEYmtSemNnNWNGZlBFUGNnQmZOdTQ1czI1U2t3THF4OEp0SXJxSHc2akRXN1BNUQ?oc=5,GoogleNewsRSS
2026-02-28,台積電被倒2萬張！三大法人單週賣「這檔」半導體股破7萬張 仁寶也遭殃 - Yahoo股市,"<a href=""https://news.google.com/rss/articles/CBMiswNBVV95cUxQMnNrRzdjakFJUWFtVWlrdWxLWkxjdk5jak04alNiV28xYjE5WUJkTlhiSGJkc29GTnNEWF9uUEZKcTJ4aWl3b3U5VlltQm85TGUxRXRka3B6eWFGay1PT3Q5YWdSUUVwVFp5R3hqZDZyeHRUOFZpeEhUdy1tU0hVSnVpZTZoV1BfTVFkV2tST0w3SFZvR3c0WmRSNWQwa3lCZWVWdTRndFhYOTVaQm1sZXVmMksxRXBwUWZXVUl6YjJ0Z0hocDEwLS1LQ0FrWG9pSjd2c0V3VzNGZ3ZSdkZCNFp6OEd3Tl83bWZOTG9UczgxMXVkdDQzeWxtNGhJRjQxaG5SWkV3dVM5am5KaFo2RGZwYXpFSm1OT0RSTHo5WEFRWjZtUWs3WjI2a3hlSlBvS2w1MFlNVzY0Vzg4alJIVGdUOW5JWlJTNW1vS2FnYUxudVlOR3U3Z0o3ZGhHLWxGYnd0cFFzMV9mVXBCSVd1Vlp3R3M0R2JwdHJhT1h3NVFxZXVReERhNWZlTkVaZXRkY2t6dFI2ZjhMVTQxaDd6a2dVT25pNG96RTYtazlfMkhDb0E?oc=5"" target=""_blank"">台積電被倒2萬張！三大法人單週賣「這檔」半導體股破7萬張 仁寶也遭殃</a>&nbsp;&nbsp;<font color=""#6f6f6f"">Yahoo股市</font>",https://news.google.com/rss/articles/CBMiswNBVV95cUxQMnNrRzdjakFJUWFtVWlrdWxLWkxjdk5jak04alNiV28xYjE5WUJkTlhiSGJkc29GTnNEWF9uUEZKcTJ4aWl3b3U5VlltQm85TGUxRXRka3B6eWFGay1PT3Q5YWdSUUVwVFp5R3hqZDZyeHRUOFZpeEhUdy1tU0hVSnVpZTZoV1BfTVFkV2tST0w3SFZvR3c0WmRSNWQwa3lCZWVWdTRndFhYOTVaQm1sZXVmMksxRXBwUWZXVUl6YjJ0Z0hocDEwLS1LQ0FrWG9pSjd2c0V3VzNGZ3ZSdkZCNFp6OEd3Tl83bWZOTG9UczgxMXVkdDQzeWxtNGhJRjQxaG5SWkV3dVM5am5KaFo2RGZwYXpFSm1OT0RSTHo5WEFRWjZtUWs3WjI2a3hlSlBvS2w1MFlNVzY0Vzg4alJIVGdUOW5JWlJTNW1vS2FnYUxudVlOR3U3Z0o3ZGhHLWxGYnd0cFFzMV9mVXBCSVd1Vlp3R3M0R2JwdHJhT1h3NVFxZXVReERhNWZlTkVaZXRkY2t6dFI2ZjhMVTQxaDd6a2dVT25pNG96RTYtazlfMkhDb0E?oc=5,GoogleNewsRSS
2026-03-11,別被台積電（2330）2月營收騙下車！「年增率」穩站22.2％…達人估今年EPS衝75元 - 聯合新聞網,"<a href=""https://news.google.com/rss/articles/CBMiUkFVX3lxTE1WM2JTYThpaUh0dFdVaHlRYWNrR2k2UG9JQXdqZ2ROeHV3eTlHajdtWnJCdkJaQUYtcTdFbFZ3QWpfRmlYWHprQ284Q2FKSzdEZ1E?oc=5"" target=""_blank"">別被台積電（2330）2月營收騙下車！「年增率」穩站22.2％…達人估今年EPS衝75元</a>&nbsp;&nbsp;<font color=""#6f6f6f"">聯合新聞網</font>",https://news.google.com/rss/articles/CBMiUkFVX3lxTE1WM2JTYThpaUh0dFdVaHlRYWNrR2k2UG9JQXdqZ2ROeHV3eTlHajdtWnJCdkJaQUYtcTdFbFZ3QWpfRmlYWHprQ284Q2FKSzdEZ1E?oc=5,GoogleNewsRSS
2026-03-03,【Follow法人】外資大砍群創逾24萬張登賣超王！同步提款台積電387億元 - Yahoo股市,"<a href=""https://news.google.com/rss/articles/CBMirgNBVV95cUxOXzJKY0RXVHp2LWdRU25RenJlWWVBejEyM1J5eFlDV1hmU0w3U1g4NUM5NDJQR3lYdzBDMjhaT29PalY2RGw4ZWxmbjhSbURkRUhKblNMbkRjVFZPWmZuS0N4MnMtUnhoTWJJeGFaX1hscVlXOHpiYWxOUEVTMEtUMTFmajNOdW9PbGNXX2R0WG1oMk1UcF8wVk9abXB3X19KY1JJVmRkanRreXZpaFhRS29XbXUtaUo3b1JxN1hyT3plT1Z5cE1rS1BBd1pjeC1HdVJELWFOZjlVYVN5ZUV0RmZxejA3Z1QyakZnSjR2VFBjNXNnbXhMRmRORUlQNUR6amV3Y2E4WE1qYXdoaVpNckpneXRxS2Jfa2MwY0ZzTVlsVHpVSzNUcURJWlRvMGpEcWRhS09lQU1CNUZuSWNOUTNmckUxX3I5QkhMeGNaa1Z1My1pZTc2dVVZellUdG51Nk9mTVNJdjVnVmJkV3VyTXFCTEVyZFNObllvTDFaYkNSTUlCQjdQcGpKQzVXU2VXdV9QS2x2WDA0dmtiSnFFWXkwcmk3dnNKM1RBSlNB?oc=5"" target=""_blank"">【Follow法人】外資大砍群創逾24萬張登賣超王！同步提款台積電387億元</a>&nbsp;&nbsp;<font color=""#6f6f6f"">Yahoo股市</font>",https://news.google.com/rss/articles/CBMirgNBVV95cUxOXzJKY0RXVHp2LWdRU25RenJlWWVBejEyM1J5eFlDV1hmU0w3U1g4NUM5NDJQR3lYdzBDMjhaT29PalY2RGw4ZWxmbjhSbURkRUhKblNMbkRjVFZPWmZuS0N4MnMtUnhoTWJJeGFaX1hscVlXOHpiYWxOUEVTMEtUMTFmajNOdW9PbGNXX2R0WG1oMk1UcF8wVk9abXB3X19KY1JJVmRkanRreXZpaFhRS29XbXUtaUo3b1JxN1hyT3plT1Z5cE1rS1BBd1pjeC1HdVJELWFOZjlVYVN5ZUV0RmZxejA3Z1QyakZnSjR2VFBjNXNnbXhMRmRORUlQNUR6amV3Y2E4WE1qYXdoaVpNckpneXRxS2Jfa2MwY0ZzTVlsVHpVSzNUcURJWlRvMGpEcWRhS09lQU1CNUZuSWNOUTNmckUxX3I5QkhMeGNaa1Z1My1pZTc2dVVZellUdG51Nk9mTVNJdjVnVmJkV3VyTXFCTEVyZFNObllvTDFaYkNSTUlCQjdQcGpKQzVXU2VXdV9QS2x2WDA0dmtiSnFFWXkwcmk3dnNKM1RBSlNB?oc=5,GoogleNewsRSS
2026-02-13,專家預言「2330台積電」到2300元！　時間點曝光 - ETtoday財經雲,"<a href=""https://news.google.com/rss/articles/CBMiUkFVX3lxTFAwVzFibjhWNk9PRVhnMk9TYU1SdFhiVUFQZzFQeU9iMGt2YlVNaGRlbDR5QUhMQ252bDBZWi1yVjQxaHhIblJJRHA5WHhVTnhBdkHSAW5BVV95cUxNRkw2S2lvMU52MEk2S0lEbjktQ2FWNTJTRTR1WVhRUFlIbnhNTVZVWUhMYkp3VlF5Y2NCR2lULXFDMU5UR1R5YkJpd3MweHNZeFZrTFlsN1VVV0stM2ZEaW9yQmg5S0I2ZFJaT01pQQ?oc=5"" target=""_blank"">專家預言「2330台積電」到2300元！　時間點曝光</a>&nbsp;&nbsp;<font color=""#6f6f6f"">ETtoday財經雲</font>",https://news.google.com/rss/articles/CBMiUkFVX3lxTFAwVzFibjhWNk9PRVhnMk9TYU1SdFhiVUFQZzFQeU9iMGt2YlVNaGRlbDR5QUhMQ252bDBZWi1yVjQxaHhIblJJRHA5WHhVTnhBdkHSAW5BVV95cUxNRkw2S2lvMU52MEk2S0lEbjktQ2FWNTJTRTR1WVhRUFlIbnhNTVZVWUhMYkp3VlF5Y2NCR2lULXFDMU5UR1R5YkJpd3MweHNZeFZrTFlsN1VVV0stM2ZEaW9yQmg5S0I2ZFJaT01pQQ?oc=5,GoogleNewsRSS
2026-02-24,飆到變注意股！台積電終於來到2000元鴻海守住240元、「「AI伺服器大廠」」狂漲近4%成吸金黑馬 - Yahoo股市,"<a href=""https://news.google.com/rss/articles/CBMisgNBVV95cUxPazNVSFJ4YWFMdU41a1REZ0l3VktmY2RiYTRUcjRocVRLcThUeUctMWFPUFdBUF9BTTNwS2h3Zk1xODVWaTRYSU54UWNfVDcxeEpzeFN3TXQ2SDF6NURwVXVEZUVTbFRnYlZTeHdSLS1wejUzN3hfQ2tzb0ZyWG5VOGRPRzdSQkF1OU9rcEt5SnF3cHlQRG5TMF9FMzJlMmd1a2xhM25makJwX0JPaXBWLXN0X3ZfMW9nQmJvWGRsc3kyVkU4SHM4QV9CWk5RSjczZWprVHpyNTNwSl8xS09qT1E0VVQyM0VsUDZNOEZJVVhvbGlBTEd4VS1kaGRJMzN0bXk5UmVnVkZmNWtOZmE4dHZvMjFLSTlubWpyZGU3eHc1WmxoZ2hLQTlJaXVIMTJBTU9Dd0dDV2lHMUtwcU1aZ1NXQWtSZk9WN0dRQjYtcXFZV3dGcTd5ZzdmWks0OWwzbmt3b0NxWFdQZnlJS0Z1M3NCZXhMMkFXSURGdV9OWEtYU0hXN0Y2NUZOTEIycV9odHBWc0s3blhTQWhTenhEVUM1MTdFVzN3dTIwMmdIRm1TUQ?oc=5"" target=""_blank"">飆到變注意股！台積電終於來到2000元鴻海守住240元、「「AI伺服器大廠」」狂漲近4%成吸金黑馬</a>&nbsp;&nbsp;<font color=""#6f6f6f"">Yahoo股市</font>",https://news.google.com/rss/articles/CBMisgNBVV95cUxPazNVSFJ4YWFMdU41a1REZ0l3VktmY2RiYTRUcjRocVRLcThUeUctMWFPUFdBUF9BTTNwS2h3Zk1xODVWaTRYSU54UWNfVDcxeEpzeFN3TXQ2SDF6NURwVXVEZUVTbFRnYlZTeHdSLS1wejUzN3hfQ2tzb0ZyWG5VOGRPRzdSQkF1OU9rcEt5SnF3cHlQRG5TMF9FMzJlMmd1a2xhM25makJwX0JPaXBWLXN0X3ZfMW9nQmJvWGRsc3kyVkU4SHM4QV9CWk5RSjczZWprVHpyNTNwSl8xS09qT1E0VVQyM0VsUDZNOEZJVVhvbGlBTEd4VS1kaGRJMzN0bXk5UmVnVkZmNWtOZmE4dHZvMjFLSTlubWpyZGU3eHc1WmxoZ2hLQTlJaXVIMTJBTU9Dd0dDV2lHMUtwcU1aZ1NXQWtSZk9WN0dRQjYtcXFZV3dGcTd5ZzdmWks0OWwzbmt3b0NxWFdQZnlJS0Z1M3NCZXhMMkFXSURGdV9OWEtYU0hXN0Y2NUZOTEIycV9odHBWc0s3blhTQWhTenhEVUM1MTdFVzN3dTIwMmdIRm1TUQ?oc=5,GoogleNewsRSS
2026-02-08,神山股利有望再創新高？台積電漲55元至1835元追平天價 專家：拉回再買 - Yahoo股市,"<a href=""https://news.google.com/rss/articles/CBMiwANBVV95cUxOSEVpdlZvcVZqN2UwYWZrTDFoTGhtaWQ0TV9odi1VUjRIVmd1XzNwNXVMNmZreUkxTllIMnhscVBiN3JpUGRwSFdNTEZBTjFBaXoxaEl1eGVGMG5kQm1rNjUtT1pMb0Y2RU5XcXJydEdXVnBxbEZqcEs0TVloQkY0VEIzQTJSUG44a29wVS1SMFotZ0pXcVFZUUtvbHlYWFNOWmVzcE1JX0hQeGt3c3BrYjQydmVWUTRQRGhNTjdqa2lkQ3RkdlBHSXpuYUVzSTJ0Zzc5b3JNN2xHRkR4TmRmX0ZLQnpfNmNPTjdKTm5lUm1ib1pjcHlhdm01czJFTGNDOVF0elB2dzdVQnhVUVUxblVCSXcwd2Jvb1hkZ1llaF9xX0FzV19GMUJUNmdFZnBncGYzMTA0TTc5eTY2ak5BbFgwSkJHUENBZk5OSFk4QmdKQWRrbC1lNGZhSGZsZDBzc2huUjhaRFk3SXlucHBhWGgtRlVuZ3pyc0pJbUFrZTdPNHRzVTJJNmdWVW13c2RSUEM3enZMazMzQnlKTFYxbXM3NWFXMFJpSU1FYWtIRXRhVW1kcXFUVnV6cFpzUTRX?oc=5"" target=""_blank"">神山股利有望再創新高？台積電漲55元至1835元追平天價 專家：拉回再買</a>&nbsp;&nbsp;<font color=""#6f6f6f"">Yahoo股市</font>",https://news.google.com/rss/articles/CBMiwANBVV95cUxOSEVpdlZvcVZqN2UwYWZrTDFoTGhtaWQ0TV9odi1VUjRIVmd1XzNwNXVMNmZreUkxTllIMnhscVBiN3JpUGRwSFdNTEZBTjFBaXoxaEl1eGVGMG5kQm1rNjUtT1pMb0Y2RU5XcXJydEdXVnBxbEZqcEs0TVloQkY0VEIzQTJSUG44a29wVS1SMFotZ0pXcVFZUUtvbHlYWFNOWmVzcE1JX0hQeGt3c3BrYjQydmVWUTRQRGhNTjdqa2lkQ3RkdlBHSXpuYUVzSTJ0Zzc5b3JNN2xHRkR4TmRmX0ZLQnpfNmNPTjdKTm5lUm1ib1pjcHlhdm01czJFTGNDOVF0elB2dzdVQnhVUVUxblVCSXcwd2Jvb1hkZ1llaF9xX0FzV19GMUJUNmdFZnBncGYzMTA0TTc5eTY2ak5BbFgwSkJHUENBZk5OSFk4QmdKQWRrbC1lNGZhSGZsZDBzc2huUjhaRFk3SXlucHBhWGgtRlVuZ3pyc0pJbUFrZTdPNHRzVTJJNmdWVW13c2RSUEM3enZMazMzQnlKTFYxbXM3NWFXMFJpSU1FYWtIRXRhVW1kcXFUVnV6cFpzUTRX?oc=5,GoogleNewsRSS
2026-02-27,還在等進場？台積電股價快追上股號 財經作家曝：9成台灣人沒持股 - Yahoo股市,"<a href=""https://news.google.com/rss/articles/CBMipANBVV95cUxPaEp4Y2VmUDEtNnRndnhqVmZfN2tVcnFQR0dXTVFHNzdMVVVfMkJTS0ZNT3QyRG5vRFNINEJRbHNZV003TXRvUTEwM1h6b0RlQ1B6dWRob2NsNFFyV1hVTVVmM0pSbFQ4STFpRmRuRUlCMktUa3pNMGlaRThEOWdDZmZCOVFMZFBWMDBRenBMSGtZNExLU3p1bzZkdlNzRHNNRDgzc1VTSjZNTUlrUkl5Sm5ZYUMwaUR5ZTBqSFhlY1ZuY3pmdUlTSnJCRWNSc1hRWDNBalBld3UwZnpTRmRJSGYxRXktdmRxZ1VxeThid3FVNDE5Snh4c3F0ZXhDNjNteGt6QWNlaE1CTjhrZktuNVdYSThwSndjXzFzZHFyMWNHOTk1dk1kTV8ycDItb0JLbk1kT1RwMkJrMC1vLWRRWGVrOXhxZURzRlJPb1huOGxGU2V4Zk9ma0Q5NjJSYVM5b3V4cjdPNTMwdGRjX1FMbGlrRExFQ3lGYmQ0STRmS0ZQdE51Snc3d21aRUsxZHlhZzRka2xna1FtVjd1aEhJVm5ueG0?oc=5"" target=""_blank"">還在等進場？台積電股價快追上股號 財經作家曝：9成台灣人沒持股</a>&nbsp;&nbsp;<font color=""#6f6f6f"">Yahoo股市</font>",https://news.google.com/rss/articles/CBMipANBVV95cUxPaEp4Y2VmUDEtNnRndnhqVmZfN2tVcnFQR0dXTVFHNzdMVVVfMkJTS0ZNT3QyRG5vRFNINEJRbHNZV003TXRvUTEwM1h6b0RlQ1B6dWRob2NsNFFyV1hVTVVmM0pSbFQ4STFpRmRuRUlCMktUa3pNMGlaRThEOWdDZmZCOVFMZFBWMDBRenBMSGtZNExLU3p1bzZkdlNzRHNNRDgzc1VTSjZNTUlrUkl5Sm5ZYUMwaUR5ZTBqSFhlY1ZuY3pmdUlTSnJCRWNSc1hRWDNBalBld3UwZnpTRmRJSGYxRXktdmRxZ1VxeThid3FVNDE5Snh4c3F0ZXhDNjNteGt6QWNlaE1CTjhrZktuNVdYSThwSndjXzFzZHFyMWNHOTk1dk1kTV8ycDItb0JLbk1kT1RwMkJrMC1vLWRRWGVrOXhxZURzRlJPb1huOGxGU2V4Zk9ma0Q5NjJSYVM5b3V4cjdPNTMwdGRjX1FMbGlrRExFQ3lGYmQ0STRmS0ZQdE51Snc3d21aRUsxZHlhZzRka2xna1FtVjd1aEhJVm5ueG0?oc=5,GoogleNewsRSS
2026-02-04,AMD中箭！台積電今下跌25元 專家：賣壓快消化完畢 - Yahoo股市,"<a href=""https://news.google.com/rss/articles/CBMi0wJBVV95cUxQMS1TUXlWU20tUnVnUUlxVUllRkM1cWNNYi12dms1aTlGQXRtZmExQ2pCRWZzaEpQcU9kVW1CSjhRWWdhQXdNMVd5aF9FcDBDcWg4dVNlWDNTYzZqZUdBWWV1R3g1eWIxVUZqbFAtRmZqTWt1OXZYeWpMMXFScXZ6Z21wYllvdzFCcTRndnh2ZWxvMmdKQ1VhOXB4alFaVUxKemdLeDFfSzRya1hwenlLdm5pbWpDalV1ZGhxd1NPeEpmWGV1YldneVQ5TVdzY1pfMmhUaDNyLWZjd3pPTWVCNEk4eVBPR19VcnBieXpmMlJFdHRUTC0tLU4xYy1zSGtQZnVlSlZEVWdTV1pxRF8wVDZiZHZfV2l2V243bHpyOS1OZDhmRGJ4NFRZTjk1WkVnbFJiT0VtRXl1NFB2Tzdtelpqb2xpVE5ZRU41V1BaSU1DbEE?oc=5"" target=""_blank"">AMD中箭！台積電今下跌25元 專家：賣壓快消化完畢</a>&nbsp;&nbsp;<font color=""#6f6f6f"">Yahoo股市</font>",https://news.google.com/rss/articles/CBMi0wJBVV95cUxQMS1TUXlWU20tUnVnUUlxVUllRkM1cWNNYi12dms1aTlGQXRtZmExQ2pCRWZzaEpQcU9kVW1CSjhRWWdhQXdNMVd5aF9FcDBDcWg4dVNlWDNTYzZqZUdBWWV1R3g1eWIxVUZqbFAtRmZqTWt1OXZYeWpMMXFScXZ6Z21wYllvdzFCcTRndnh2ZWxvMmdKQ1VhOXB4alFaVUxKemdLeDFfSzRya1hwenlLdm5pbWpDalV1ZGhxd1NPeEpmWGV1YldneVQ5TVdzY1pfMmhUaDNyLWZjd3pPTWVCNEk4eVBPR19VcnBieXpmMlJFdHRUTC0tLU4xYy1zSGtQZnVlSlZEVWdTV1pxRF8wVDZiZHZfV2l2V243bHpyOS1OZDhmRGJ4NFRZTjk1WkVnbFJiT0VtRXl1NFB2Tzdtelpqb2xpVE5ZRU41V1BaSU1DbEE?oc=5,GoogleNewsRSS
2026-02-27,蘋果不再穩坐龍頭！ 台積電2025年最大客戶易主：輝達正式超車 - Yahoo股市,"<a href=""https://news.google.com/rss/articles/CBMigwNBVV95cUxPLU04amNteF9EckdYcnMtVFFCWWJENWF6aU4xZVRGV1BxRVBJcm5mcXRKTHU4SmRZaGhfVXVJTkV5Ql8zaUwyVGhNdWk3dnkwY2h1dnVQNi1TNFZsSjJDbU5WdHN5dWNzWE1SYlFkTUVnZnZELTdXU3FsdkZ6RVhaS2FvckY3VHhHankwYnRDMkp4ZVZWRjl1M0xiODd3UklseHJvMGJSQ19XUTBHZWxtdmFKWE93SnN1dV94aDJ2SG5GQ2hXZlV6MU1UTDlmdjhLenBnbVM1Um9QMkR4WDBKVHdoQUNqNWpoY2RtaTUzQ3N1MmlmOURmSGx0UnRvdVBOUlpaTld5eDJaalV4VDNyVk5rdDRIQlMwbVZrSm9nLU1wUnEzcUp5TXBON2xhM3A4cUk5TmFhQ25OMG5lbms2NE5TSmV1bUg1TjJSTkhCSXpjbHY0MTU0U0t5MWN4WUx4MFYxVkpPUFRXTldSQjEwVGZfUUFMdHFQaFAxU19QME1nX2c?oc=5"" target=""_blank"">蘋果不再穩坐龍頭！ 台積電2025年最大客戶易主：輝達正式超車</a>&nbsp;&nbsp;<font color=""#6f6f6f"">Yahoo股市</font>",https://news.google.com/rss/articles/CBMigwNBVV95cUxPLU04amNteF9EckdYcnMtVFFCWWJENWF6aU4xZVRGV1BxRVBJcm5mcXRKTHU4SmRZaGhfVXVJTkV5Ql8zaUwyVGhNdWk3dnkwY2h1dnVQNi1TNFZsSjJDbU5WdHN5dWNzWE1SYlFkTUVnZnZELTdXU3FsdkZ6RVhaS2FvckY3VHhHankwYnRDMkp4ZVZWRjl1M0xiODd3UklseHJvMGJSQ19XUTBHZWxtdmFKWE93SnN1dV94aDJ2SG5GQ2hXZlV6MU1UTDlmdjhLenBnbVM1Um9QMkR4WDBKVHdoQUNqNWpoY2RtaTUzQ3N1MmlmOURmSGx0UnRvdVBOUlpaTld5eDJaalV4VDNyVk5rdDRIQlMwbVZrSm9nLU1wUnEzcUp5TXBON2xhM3A4cUk5TmFhQ25OMG5lbms2NE5TSmV1bUg1TjJSTkhCSXpjbHY0MTU0U0t5MWN4WUx4MFYxVkpPUFRXTldSQjEwVGZfUUFMdHFQaFAxU19QME1nX2c?oc=5,GoogleNewsRSS
2026-02-10,台股封關前站上33000點！台積電(2330)股價1875元創新高，外資為何持續加碼？關鍵原因一次看| 林家群| 全解析 - 風傳媒,"<a href=""https://news.google.com/rss/articles/CBMiTkFVX3lxTE9uVDAtRV9hTWJTdnVvbUZvWWZFOWZ2WU9VUnUxclBHdURISWxZVmxrLVRCUTBZT0h1d0RNQVJUQUs2dG52VV9RTDBZRE9KUQ?oc=5"" target=""_blank"">台股封關前站上33000點！台積電(2330)股價1875元創新高，外資為何持續加碼？關鍵原因一次看| 林家群| 全解析</a>&nbsp;&nbsp;<font color=""#6f6f6f"">風傳媒</font>",https://news.google.com/rss/articles/CBMiTkFVX3lxTE9uVDAtRV9hTWJTdnVvbUZvWWZFOWZ2WU9VUnUxclBHdURISWxZVmxrLVRCUTBZT0h1d0RNQVJUQUs2dG52VV9RTDBZRE9KUQ?oc=5,GoogleNewsRSS
2026-02-23,【即時新聞】台積電(2330)建廠馬力全開，這「5 檔概念股」買氣爆棚！ - cmoney.tw,"<a href=""https://news.google.com/rss/articles/CBMiZ0FVX3lxTFBJMTFveVcyLXlnNVRFdThhRmpuV2U5cGdqUEFESVJKV2IwVWY5SkxQYTRjdzdGRHNWOXBSb1I4QThCN253bU8tU1FRdFBGTXFvQW95bFh1MXpLekpWSFlpT0p3czNGU1k?oc=5"" target=""_blank"">【即時新聞】台積電(2330)建廠馬力全開，這「5 檔概念股」買氣爆棚！</a>&nbsp;&nbsp;<font color=""#6f6f6f"">cmoney.tw</font>",https://news.google.com/rss/articles/CBMiZ0FVX3lxTFBJMTFveVcyLXlnNVRFdThhRmpuV2U5cGdqUEFESVJKV2IwVWY5SkxQYTRjdzdGRHNWOXBSb1I4QThCN253bU8tU1FRdFBGTXFvQW95bFh1MXpLekpWSFlpT0p3czNGU1k?oc=5,GoogleNewsRSS
2026-02-09,台股狂衝800點重返32000點！台積電(2330)封關前站上1835，記憶體哪幾檔漲停了？ 專家揭抱股過年最佳佈局 - 風傳媒,"<a href=""https://news.google.com/rss/articles/CBMiTkFVX3lxTFBvQUVGX2Z6N2J6ZTFQTHFUNWdFNEhWenk1Rk1lVWcwRzN6b2p1SF8ydERXUnNCNUtoejc0WTRWQzFoakxaVWJXczVaOHJ1UQ?oc=5"" target=""_blank"">台股狂衝800點重返32000點！台積電(2330)封關前站上1835，記憶體哪幾檔漲停了？ 專家揭抱股過年最佳佈局</a>&nbsp;&nbsp;<font color=""#6f6f6f"">風傳媒</font>",https://news.google.com/rss/articles/CBMiTkFVX3lxTFBvQUVGX2Z6N2J6ZTFQTHFUNWdFNEhWenk1Rk1lVWcwRzN6b2p1SF8ydERXUnNCNUtoejc0WTRWQzFoakxaVWJXczVaOHJ1UQ?oc=5,GoogleNewsRSS
2026-02-22,跌破眼鏡！台股馬年首戰「叩關34000」台積電卻逆勢翻黑、1900元保衛戰開打 - Yahoo股市,"<a href=""https://news.google.com/rss/articles/CBMipANBVV95cUxQMm45eFdIZzJNd0J4VENyajdvOEVKZGhEaHUxSDZIeUFZNFZ1S29BWlFpb3VJSmljQWV5TjlLMDlKM09VTk9EbGk4M1A5bFJGLVZXWjJpTDAyTUtGNnIwT0hTM2RWMG5iTjEtSHRLY2RORXFoMlF2Z3c0c1BSbV9RZ0JGcUI1OWd1eDVwa1dHalpqRlRrWDJUb05YdmJPTG9CZUU2VHhNTlZVWWhvNHhUa1ZlbHNlaUZ6bkZfZS1uSHZaR04xejRDVTA1XzI4NkdGdkYwbmtGOEFINVktU1cyY3hmR1pwaFBnVFkwWWFqOVZncy1DMW9zQ0duV29iR0tTM1ppRXc0clZOblBnTXhva0owLXJ4QkZqUVBZVDdmM0xPRUVCMmNVVUZ4VFhoYmZtVHRpQUo2U01nUHc5VTl1UVVEOUZRWGN1dG1iZnFzZTB1bEtTS0JIRDFRWFQ1NXZWLUZ6M08wQXpHbWNUX2ZZU29IOVVKRUN0cUVrYnpBbTJwNWQ5N1F3VzZBQTFEYTB3RTVtZld6Ti1pU29vQS12dEJreEo?oc=5"" target=""_blank"">跌破眼鏡！台股馬年首戰「叩關34000」台積電卻逆勢翻黑、1900元保衛戰開打</a>&nbsp;&nbsp;<font color=""#6f6f6f"">Yahoo股市</font>",https://news.google.com/rss/articles/CBMipANBVV95cUxQMm45eFdIZzJNd0J4VENyajdvOEVKZGhEaHUxSDZIeUFZNFZ1S29BWlFpb3VJSmljQWV5TjlLMDlKM09VTk9EbGk4M1A5bFJGLVZXWjJpTDAyTUtGNnIwT0hTM2RWMG5iTjEtSHRLY2RORXFoMlF2Z3c0c1BSbV9RZ0JGcUI1OWd1eDVwa1dHalpqRlRrWDJUb05YdmJPTG9CZUU2VHhNTlZVWWhvNHhUa1ZlbHNlaUZ6bkZfZS1uSHZaR04xejRDVTA1XzI4NkdGdkYwbmtGOEFINVktU1cyY3hmR1pwaFBnVFkwWWFqOVZncy1DMW9zQ0duV29iR0tTM1ppRXc0clZOblBnTXhva0owLXJ4QkZqUVBZVDdmM0xPRUVCMmNVVUZ4VFhoYmZtVHRpQUo2U01nUHc5VTl1UVVEOUZRWGN1dG1iZnFzZTB1bEtTS0JIRDFRWFQ1NXZWLUZ6M08wQXpHbWNUX2ZZU29IOVVKRUN0cUVrYnpBbTJwNWQ5N1F3VzZBQTFEYTB3RTVtZld6Ti1pU29vQS12dEJreEo?oc=5,GoogleNewsRSS
2026-02-24,"被列注意股照樣噴！台積電刷2,025元新天價 成交額爆427億元堅守王位 - Yahoo股市","<a href=""https://news.google.com/rss/articles/CBMioANBVV95cUxPQnotdkdpNzNOMjdES2NsNnd1czZxdlh0cnpVMURUZkFab3FrUlJMTGMwczlIMFhHVVdUajh4V1NSbEhNaGMyYWtjWDRJcTRETnV4UTRnWmxuRHE4QVhRdWl1dTRwZEFPN0FGa2U4U3BPa1ZfNTB1NjhzS0FUbE8tdTNkaEh6c3E5VXU4ZHdFY3V1UTF6V0Qzaml4YmZkMnFsZFpvLWNvTkJfM0I1VUl5MHMyY2dZb1YtekpoTU80aF9pNEd4R2g5RUJfUlVRS0E2MkExQVMzU09hMjZ5YWJmYWZzREdwVGJSLURDUmpPcTFxRDRZWVlIelk1T1Eydm9DVmZtSVUzQ2FtVFY4ZkdMcm9ldlVtblMxYkR5VmdRamUwY3J4cVFTQXo5bmthVlM2aGVXN0dMNVZtS0JJNXpBbk9sYzhpR1d1Tk1TMVZfNzhzeVdRZnluSHYtSlkxUnV3SHNNR1hKV1RLcl81ZnY5bE11ZVdsUmxqNm9uWDI5TEZFWUFfTnhSMWI3NTlKcGlYSFIxTi1tMlBGNXlXdGcwUw?oc=5"" target=""_blank"">被列注意股照樣噴！台積電刷2,025元新天價 成交額爆427億元堅守王位</a>&nbsp;&nbsp;<font color=""#6f6f6f"">Yahoo股市</font>",https://news.google.com/rss/articles/CBMioANBVV95cUxPQnotdkdpNzNOMjdES2NsNnd1czZxdlh0cnpVMURUZkFab3FrUlJMTGMwczlIMFhHVVdUajh4V1NSbEhNaGMyYWtjWDRJcTRETnV4UTRnWmxuRHE4QVhRdWl1dTRwZEFPN0FGa2U4U3BPa1ZfNTB1NjhzS0FUbE8tdTNkaEh6c3E5VXU4ZHdFY3V1UTF6V0Qzaml4YmZkMnFsZFpvLWNvTkJfM0I1VUl5MHMyY2dZb1YtekpoTU80aF9pNEd4R2g5RUJfUlVRS0E2MkExQVMzU09hMjZ5YWJmYWZzREdwVGJSLURDUmpPcTFxRDRZWVlIelk1T1Eydm9DVmZtSVUzQ2FtVFY4ZkdMcm9ldlVtblMxYkR5VmdRamUwY3J4cVFTQXo5bmthVlM2aGVXN0dMNVZtS0JJNXpBbk9sYzhpR1d1Tk1TMVZfNzhzeVdRZnluSHYtSlkxUnV3SHNNR1hKV1RLcl81ZnY5bE11ZVdsUmxqNm9uWDI5TEZFWUFfTnhSMWI3NTlKcGlYSFIxTi1tMlBGNXlXdGcwUw?oc=5,GoogleNewsRSS
2026-03-10,台積電（2330）跌到1859元閉眼買？網：一天千點都不敢買 還是去定存 - 聯合新聞網,"<a href=""https://news.google.com/rss/articles/CBMiUkFVX3lxTE9QSV9CZjNScUpSclF3LWxBY0ZaVjVlenFjYUt1eHNUdjRTdFdlN29HeURiXzZvbFlwcW5QWHk0dGkycmhNc0pzQVFWOG9jR0ExcmfSAVdBVV95cUxPSWlidEc4dGoySjRBdlViOGlnaFFtOU4xMGcwZUx3aWI4T0EyYzN4X2hxMzBFb0s4Q2xta3dGZU1ERGpta01iQjZ6MjgyaGo0ZDNYMTFhQUE?oc=5"" target=""_blank"">台積電（2330）跌到1859元閉眼買？網：一天千點都不敢買 還是去定存</a>&nbsp;&nbsp;<font color=""#6f6f6f"">聯合新聞網</font>",https://news.google.com/rss/articles/CBMiUkFVX3lxTE9QSV9CZjNScUpSclF3LWxBY0ZaVjVlenFjYUt1eHNUdjRTdFdlN29HeURiXzZvbFlwcW5QWHk0dGkycmhNc0pzQVFWOG9jR0ExcmfSAVdBVV95cUxPSWlidEc4dGoySjRBdlViOGlnaFFtOU4xMGcwZUx3aWI4T0EyYzN4X2hxMzBFb0s4Q2xta3dGZU1ERGpta01iQjZ6MjgyaGo0ZDNYMTFhQUE?oc=5,GoogleNewsRSS
2026-03-11,台積電（2330）站上2000元當日！黃大米買10股紀念：大概台幣2萬 - 聯合新聞網,"<a href=""https://news.google.com/rss/articles/CBMiUkFVX3lxTFBuRzBMWDBQeVphdTdWVFVoZG1lRHg1ckJiQkVkNjR4MFhGczFfUUlmOVAzTldqdzlsM1pZZ1k2bzR4SXlRV3BiRHVoV0ZJbDc4YWc?oc=5"" target=""_blank"">台積電（2330）站上2000元當日！黃大米買10股紀念：大概台幣2萬</a>&nbsp;&nbsp;<font color=""#6f6f6f"">聯合新聞網</font>",https://news.google.com/rss/articles/CBMiUkFVX3lxTFBuRzBMWDBQeVphdTdWVFVoZG1lRHg1ckJiQkVkNjR4MFhGczFfUUlmOVAzTldqdzlsM1pZZ1k2bzR4SXlRV3BiRHVoV0ZJbDc4YWc?oc=5,GoogleNewsRSS
2026-03-03,搶進好時機！戰火重挫這檔55元 連4跌失守19大關「炸717億成交額」 - Yahoo股市,"<a href=""https://news.google.com/rss/articles/CBMi_gJBVV95cUxPV184eXdPOExwbnpxLXBFZEJLV0tOYnZTZEpSWWhYX2JiQ3JZcDlEWmFCMXdCemNNdjVTdDdoZHBpN290ZzcxbFZHM2E0b0ZSU0tmLVRWaE5kQ0VZS1lUUDlxYmoxX0x6MFA3bDJVdWNGWk8xY29ReFBKaUJIRXUwU2JMUWVsTS12UTRpTEhPU1ZqWDdpdFRyZWNJNmhrOHFjNXZTU1RPekREOHJzMW9GaGc0cjB2dHlNV0NrS2I1RGpIakV6NE9TM0ZnZm1JU2xGRUM5QWJoUU1YWEFTRFVrYlhmMDNBM1JmVmlqOWQyeXZHeHJuY0szSWxCbWl4ajF4YUM0Q29pX0dKbDV3N05xYXlqcGFLcnRFTVJpOHQ4a01zTTNQQU9qRjV4MkxsbXNTNlJyeGtYblVKZnZFbVFiZ2tBX2RlWGUxaTlWZTVwYm81UUgySUw0Y3dEZ2VQTlV1TkxVSUg5Y3k4X0RRdUJLbS1LeUYyT1pLeml1YUFB?oc=5"" target=""_blank"">搶進好時機！戰火重挫這檔55元 連4跌失守19大關「炸717億成交額」</a>&nbsp;&nbsp;<font color=""#6f6f6f"">Yahoo股市</font>",https://news.google.com/rss/articles/CBMi_gJBVV95cUxPV184eXdPOExwbnpxLXBFZEJLV0tOYnZTZEpSWWhYX2JiQ3JZcDlEWmFCMXdCemNNdjVTdDdoZHBpN290ZzcxbFZHM2E0b0ZSU0tmLVRWaE5kQ0VZS1lUUDlxYmoxX0x6MFA3bDJVdWNGWk8xY29ReFBKaUJIRXUwU2JMUWVsTS12UTRpTEhPU1ZqWDdpdFRyZWNJNmhrOHFjNXZTU1RPekREOHJzMW9GaGc0cjB2dHlNV0NrS2I1RGpIakV6NE9TM0ZnZm1JU2xGRUM5QWJoUU1YWEFTRFVrYlhmMDNBM1JmVmlqOWQyeXZHeHJuY0szSWxCbWl4ajF4YUM0Q29pX0dKbDV3N05xYXlqcGFLcnRFTVJpOHQ4a01zTTNQQU9qRjV4MkxsbXNTNlJyeGtYblVKZnZFbVFiZ2tBX2RlWGUxaTlWZTVwYm81UUgySUw0Y3dEZ2VQTlV1TkxVSUg5Y3k4X0RRdUJLbS1LeUYyT1pLeml1YUFB?oc=5,GoogleNewsRSS
2026-03-11,台積電（2330）大跌就是送分題！陳重銘揭：AI行情與政府護盤| 存股族愛ETF | 股市 - 聯合新聞網,"<a href=""https://news.google.com/rss/articles/CBMiU0FVX3lxTE9qVzVuM2NFRnloTjNQWno3bXl6cUU3SDVwU0FJZk1tazVRZTNEVDRNZU1MdklZVTJTWkg4dENuRTN3eC1jM2RIYUNWMmt1UU5IaE1Z?oc=5"" target=""_blank"">台積電（2330）大跌就是送分題！陳重銘揭：AI行情與政府護盤| 存股族愛ETF | 股市</a>&nbsp;&nbsp;<font color=""#6f6f6f"">聯合新聞網</font>",https://news.google.com/rss/articles/CBMiU0FVX3lxTE9qVzVuM2NFRnloTjNQWno3bXl6cUU3SDVwU0FJZk1tazVRZTNEVDRNZU1MdklZVTJTWkg4dENuRTN3eC1jM2RIYUNWMmt1UU5IaE1Z?oc=5,GoogleNewsRSS
2026-01-26,台積電（2330）一張買不起？立委拋「比照美股」一股就能買…網讚：零股有價差 - 聯合新聞網,"<a href=""https://news.google.com/rss/articles/CBMiUkFVX3lxTE5tTERQcWtoMDRvejh1QkJheGNyN2hHaFB5QlN6N3pXQVdxV0JkNWhSM3NUQk84b181WlVvdVdfd0ZyRUJxdDZiak02N0JwSXlfd1HSAVdBVV95cUxQNjJtdHdPU09CYnJ5NFBKd3BHcl8tU0tiTkw2RW9hSkNrVFZxbjRFNzNKUGRBNk5RZW1PWHVkbmhKUzNGX3ZWb3F4aDFRVzB3NWs1WFN6RDg?oc=5"" target=""_blank"">台積電（2330）一張買不起？立委拋「比照美股」一股就能買…網讚：零股有價差</a>&nbsp;&nbsp;<font color=""#6f6f6f"">聯合新聞網</font>",https://news.google.com/rss/articles/CBMiUkFVX3lxTE5tTERQcWtoMDRvejh1QkJheGNyN2hHaFB5QlN6N3pXQVdxV0JkNWhSM3NUQk84b181WlVvdVdfd0ZyRUJxdDZiak02N0JwSXlfd1HSAVdBVV95cUxQNjJtdHdPU09CYnJ5NFBKd3BHcl8tU0tiTkw2RW9hSkNrVFZxbjRFNzNKUGRBNk5RZW1PWHVkbmhKUzNGX3ZWb3F4aDFRVzB3NWs1WFN6RDg?oc=5,GoogleNewsRSS
2026-01-26,黃珊珊籲台積電交易「千股→1股」！彭金隆回應了 - Yahoo股市,"<a href=""https://news.google.com/rss/articles/CBMiuAJBVV95cUxQdk1QR0VfMG5Da2hUcFdtamgybmUxdkZOYVJ4aklsX25kMGZuZUk0c0Ztc0lWX190TGZ3eDQwNEZvaVc5UVYwVW5sQWJUNzJZNHFJeFFXNnlFYlM0X19leC15WXB3ZVhlYzJvakplay1JR3NnUnA0Y2ZPaWk4bjJmb1U1MDgtUzBGeXRkQzZnWWU0U1AtOWdYcUo5ZGZzbW9DN1d4TXNpWTd1TDFJTHVnVURnemNWNjNIdGc3Nk1wcXB4WHNpU2g1VXZJT0ZVa054dC1QdW1SeFNkdW51NUVmWWRDdlFpWjdEd2g1RkRRa3ZzNVJiTHBaemRFLU9fSHNVd051TEhOQ0dPUFVHX3JPZ1J5aGdlc243ZG5VNEpNNjdpU1RTWTlqRkRJR3NGbnU5VVVXWmlDVnk?oc=5"" target=""_blank"">黃珊珊籲台積電交易「千股→1股」！彭金隆回應了</a>&nbsp;&nbsp;<font color=""#6f6f6f"">Yahoo股市</font>",https://news.google.com/rss/articles/CBMiuAJBVV95cUxQdk1QR0VfMG5Da2hUcFdtamgybmUxdkZOYVJ4aklsX25kMGZuZUk0c0Ztc0lWX190TGZ3eDQwNEZvaVc5UVYwVW5sQWJUNzJZNHFJeFFXNnlFYlM0X19leC15WXB3ZVhlYzJvakplay1JR3NnUnA0Y2ZPaWk4bjJmb1U1MDgtUzBGeXRkQzZnWWU0U1AtOWdYcUo5ZGZzbW9DN1d4TXNpWTd1TDFJTHVnVURnemNWNjNIdGc3Nk1wcXB4WHNpU2g1VXZJT0ZVa054dC1QdW1SeFNkdW51NUVmWWRDdlFpWjdEd2g1RkRRa3ZzNVJiTHBaemRFLU9fSHNVd051TEhOQ0dPUFVHX3JPZ1J5aGdlc243ZG5VNEpNNjdpU1RTWTlqRkRJR3NGbnU5VVVXWmlDVnk?oc=5,GoogleNewsRSS
2026-03-24,川普又「TACO」！台積電開盤漲40元至1850元後收斂 股市名師李永年：先觀望 - Yahoo股市,"<a href=""https://news.google.com/rss/articles/CBMixgNBVV95cUxPZ3FYU3BEd0tuVUdMOVVtUUNIOWgxbHJyMGVjTVgyTlhTOGhrenBtUk5SemdhVjQ2WVZ2VnBiNHNsVk1hZmkxUU9tLVQ5TjducUdveVVYbTJXekRkUVYxbm1jcjRfX1VGVUlRYW1Fa3piS0ZJc25Hb2Y2Rm55aXZEd1V4LW43N0NacTF4X01SV3BGdWg4dnpYdEloNjR4ODk5UWh4SXh2NmI1Y012Ym9VUkpSWk8xcUVsRi1uV1BqOEhQYmRvbzBMS050TEYzb3FfeEJvalVtaXF6c05QWW9VcTliVTMzYjRrUlhEZEx4NlBRY05sbWhrTmFkdk5meHkyVlpZTU5WU1k5RkFlclFVcnJZbkNXazhwS2J4RDNFcDNDcURlcEFVb1p0ZlFkNEMweVVvMVVsWUxTSUFJQmU3VGtheHlGQTlQX253MDVzd29QMy0yRUMxQlpWb0RjdERoQ2FNTTNCaXlfaUJ3S212dld1NFQ5RXdpalY3VkRpRURhcGJCa0VaYVl2eU9oZ1lRd1JibUJzVzhzX045emczU3BlSzRjS0ZVeU9VNGFWdlQ1NVBJVUxXTE1TcUN5bFhfcHRTVVBn?oc=5"" target=""_blank"">川普又「TACO」！台積電開盤漲40元至1850元後收斂 股市名師李永年：先觀望</a>&nbsp;&nbsp;<font color=""#6f6f6f"">Yahoo股市</font>",https://news.google.com/rss/articles/CBMixgNBVV95cUxPZ3FYU3BEd0tuVUdMOVVtUUNIOWgxbHJyMGVjTVgyTlhTOGhrenBtUk5SemdhVjQ2WVZ2VnBiNHNsVk1hZmkxUU9tLVQ5TjducUdveVVYbTJXekRkUVYxbm1jcjRfX1VGVUlRYW1Fa3piS0ZJc25Hb2Y2Rm55aXZEd1V4LW43N0NacTF4X01SV3BGdWg4dnpYdEloNjR4ODk5UWh4SXh2NmI1Y012Ym9VUkpSWk8xcUVsRi1uV1BqOEhQYmRvbzBMS050TEYzb3FfeEJvalVtaXF6c05QWW9VcTliVTMzYjRrUlhEZEx4NlBRY05sbWhrTmFkdk5meHkyVlpZTU5WU1k5RkFlclFVcnJZbkNXazhwS2J4RDNFcDNDcURlcEFVb1p0ZlFkNEMweVVvMVVsWUxTSUFJQmU3VGtheHlGQTlQX253MDVzd29QMy0yRUMxQlpWb0RjdERoQ2FNTTNCaXlfaUJ3S212dld1NFQ5RXdpalY3VkRpRURhcGJCa0VaYVl2eU9oZ1lRd1JibUJzVzhzX045emczU3BlSzRjS0ZVeU9VNGFWdlQ1NVBJVUxXTE1TcUN5bFhfcHRTVVBn?oc=5,GoogleNewsRSS
2026-03-20,0050上漲報酬只靠台積電（2330）是嚴重迷思！真實數據揭殘酷真相| 存股族愛ETF | 股市 - 聯合新聞網,"<a href=""https://news.google.com/rss/articles/CBMifkFVX3lxTE9NQ2tBMTlqX2pFSThNeHNDS01XMFRyTHhubkNKM052RTZQd2x2dklTNVBZdVEyMHQ3M05Zb1Y3aGtMUzZhMnI4NjB3N1B3Z3RiOVMxVmlHVjNTeENRVTBuV09mY2JtU0d1YVUwWnY5WEhobEVtMHNoeXp2RG84QQ?oc=5"" target=""_blank"">0050上漲報酬只靠台積電（2330）是嚴重迷思！真實數據揭殘酷真相| 存股族愛ETF | 股市</a>&nbsp;&nbsp;<font color=""#6f6f6f"">聯合新聞網</font>",https://news.google.com/rss/articles/CBMifkFVX3lxTE9NQ2tBMTlqX2pFSThNeHNDS01XMFRyTHhubkNKM052RTZQd2x2dklTNVBZdVEyMHQ3M05Zb1Y3aGtMUzZhMnI4NjB3N1B3Z3RiOVMxVmlHVjNTeENRVTBuV09mY2JtU0d1YVUwWnY5WEhobEVtMHNoeXp2RG84QQ?oc=5,GoogleNewsRSS
2026-02-23,0056與台積電（2330）定期定額買進…真星華：迎接三月00919與00878配息| 存股族愛ETF | 股市 - 聯合新聞網,"<a href=""https://news.google.com/rss/articles/CBMiU0FVX3lxTE9JaGlCV3VYb2twVkFIYkQ2cEY3NVBwb0N2ZXFVdEdZMWg5MVNJNmlnVzFUM2dzZHk2Z1llNkljd2VFYnJNMENwR3ZYeFpmRlVRV3Zz?oc=5"" target=""_blank"">0056與台積電（2330）定期定額買進…真星華：迎接三月00919與00878配息| 存股族愛ETF | 股市</a>&nbsp;&nbsp;<font color=""#6f6f6f"">聯合新聞網</font>",https://news.google.com/rss/articles/CBMiU0FVX3lxTE9JaGlCV3VYb2twVkFIYkQ2cEY3NVBwb0N2ZXFVdEdZMWg5MVNJNmlnVzFUM2dzZHk2Z1llNkljd2VFYnJNMENwR3ZYeFpmRlVRV3Zz?oc=5,GoogleNewsRSS
2026-02-24,台積電2073元天價要來了？ 盤後驚見仙人指路 20張「超鉅額」交易 - Yahoo股市,"<a href=""https://news.google.com/rss/articles/CBMingNBVV95cUxNVnRIY2xRcTJaN2xEbmUtTzRWRUhaYU1pMU9FVWpheEhmMFB0VE5ldzAwR0NJMjl2T3JMZjJocEROMUdRN0x0ay1jVDgtZGN6SmJvZ1BpY0lIZ0p6T2djOWVhbC1tSHM3RDBFUTRNT1ZnM184c2RabW5pb0t6eHpsZFJ2ekZNYW5FSFh5OERzV0dkQ2NqUmhoT2VhS190UzJRa2RTWHVIcEVpR1VNeENnaE5zMk52VkwxT2tIVVlXcVJ6bFRWdXM4cVVRQU1sYzFPYXhWSXh6Q0FzWmtvNkVxall3NE9aRy1CZHlsRE9IamxDSnYtU2FHNXhXeHMybzBwSlA5Z0EyYldXMlJYZmN0dzZZYlhLUDdkeFpoRXAtWi1yd09veVV5QXpENmNVQXo5SVVGVjFnTlJxdmFYSnBQMmVKeTZCZjhGcXo1SmpxanF3ekNWMXppYnpJckxoTmlWaXY2ang4ay1pY1BjdjEwbGlqS1VvNVp2TzRTMHA2by1mTWgzQU12ajh5TGotdi1hNnZVS0R4TW96WU5IV3c?oc=5"" target=""_blank"">台積電2073元天價要來了？ 盤後驚見仙人指路 20張「超鉅額」交易</a>&nbsp;&nbsp;<font color=""#6f6f6f"">Yahoo股市</font>",https://news.google.com/rss/articles/CBMingNBVV95cUxNVnRIY2xRcTJaN2xEbmUtTzRWRUhaYU1pMU9FVWpheEhmMFB0VE5ldzAwR0NJMjl2T3JMZjJocEROMUdRN0x0ay1jVDgtZGN6SmJvZ1BpY0lIZ0p6T2djOWVhbC1tSHM3RDBFUTRNT1ZnM184c2RabW5pb0t6eHpsZFJ2ekZNYW5FSFh5OERzV0dkQ2NqUmhoT2VhS190UzJRa2RTWHVIcEVpR1VNeENnaE5zMk52VkwxT2tIVVlXcVJ6bFRWdXM4cVVRQU1sYzFPYXhWSXh6Q0FzWmtvNkVxall3NE9aRy1CZHlsRE9IamxDSnYtU2FHNXhXeHMybzBwSlA5Z0EyYldXMlJYZmN0dzZZYlhLUDdkeFpoRXAtWi1yd09veVV5QXpENmNVQXo5SVVGVjFnTlJxdmFYSnBQMmVKeTZCZjhGcXo1SmpxanF3ekNWMXppYnpJckxoTmlWaXY2ang4ay1pY1BjdjEwbGlqS1VvNVp2TzRTMHA2by1mTWgzQU12ajh5TGotdi1hNnZVS0R4TW96WU5IV3c?oc=5,GoogleNewsRSS
2026-03-11,台積電（2330）2月營收月減逾2成！網沒在怕力挺：季節性現象、動能仍在 - 聯合新聞網,"<a href=""https://news.google.com/rss/articles/CBMiUkFVX3lxTE1fa3pOYWFTSUJ2dnA3MmJMM1BuQ1FibE0tb1ZHYl90YjJQR2xnUC04eTNmQ3E4Ym5VWURjc1ppQTBfTFh3azRaRXVzSHZvWmwxLVHSAVdBVV95cUxNQXF3LVR3NWs2ckdpcjF6NjNHWV9pbTF6bDZuY3ljaENVT3hWUnRPNkVHNDA5MXBIM09Wc1pwaHVkaDNTZ3FsdlZkNjVPNVRFeVlJM0pFZnc?oc=5"" target=""_blank"">台積電（2330）2月營收月減逾2成！網沒在怕力挺：季節性現象、動能仍在</a>&nbsp;&nbsp;<font color=""#6f6f6f"">聯合新聞網</font>",https://news.google.com/rss/articles/CBMiUkFVX3lxTE1fa3pOYWFTSUJ2dnA3MmJMM1BuQ1FibE0tb1ZHYl90YjJQR2xnUC04eTNmQ3E4Ym5VWURjc1ppQTBfTFh3azRaRXVzSHZvWmwxLVHSAVdBVV95cUxNQXF3LVR3NWs2ckdpcjF6NjNHWV9pbTF6bDZuY3ljaENVT3hWUnRPNkVHNDA5MXBIM09Wc1pwaHVkaDNTZ3FsdlZkNjVPNVRFeVlJM0pFZnc?oc=5,GoogleNewsRSS
2026-02-25,【即時新聞】台積電(2330)盤後衝2073元天價，法人看好2026營收年增3成 - CMoney投資網誌,"<a href=""https://news.google.com/rss/articles/CBMikAFBVV95cUxQQ1MtNlAyVVIxUXZLZWFjYnUwWDU5dmduRHFuakNlemYwM3hsbU9NWWx6QU5UcE9fcjV6aVp6ZlNSUGNVcnptOV9CdlpUUVJLLXJpY1ZUaklVSFJ2OWxJOG8zY1dWcXo3Q1B6NDczZVFiam5GNDE2dVM2cERlZzdhRUdtcVAzWXBCd3d4UHNPcUk?oc=5"" target=""_blank"">【即時新聞】台積電(2330)盤後衝2073元天價，法人看好2026營收年增3成</a>&nbsp;&nbsp;<font color=""#6f6f6f"">CMoney投資網誌</font>",https://news.google.com/rss/articles/CBMikAFBVV95cUxQQ1MtNlAyVVIxUXZLZWFjYnUwWDU5dmduRHFuakNlemYwM3hsbU9NWWx6QU5UcE9fcjV6aVp6ZlNSUGNVcnptOV9CdlpUUVJLLXJpY1ZUaklVSFJ2OWxJOG8zY1dWcXo3Q1B6NDczZVFiam5GNDE2dVM2cERlZzdhRUdtcVAzWXBCd3d4UHNPcUk?oc=5,GoogleNewsRSS
2026-03-11,台積電（2330）2月營收大減20.8%嚇壞散戶？達人精算3月迎大爆發：跌了剛好撿便宜| 股市要聞| 股市 - 聯合新聞網,"<a href=""https://news.google.com/rss/articles/CBMiUEFVX3lxTFBKREtTRzRSanJONDRPSjI2M1R1RkdlTy1MSmtvdDVsR3pIMm9YRVhNZHZMLVp0Y2pzTVhxNUJOU2szOXJ1SW9Fb21BNEZpNVJY?oc=5"" target=""_blank"">台積電（2330）2月營收大減20.8%嚇壞散戶？達人精算3月迎大爆發：跌了剛好撿便宜| 股市要聞| 股市</a>&nbsp;&nbsp;<font color=""#6f6f6f"">聯合新聞網</font>",https://news.google.com/rss/articles/CBMiUEFVX3lxTFBKREtTRzRSanJONDRPSjI2M1R1RkdlTy1MSmtvdDVsR3pIMm9YRVhNZHZMLVp0Y2pzTVhxNUJOU2szOXJ1SW9Fb21BNEZpNVJY?oc=5,GoogleNewsRSS
2026-01-27,台積電（2330）有一張就是前標贏過141萬人！阿格力揭股東排名：這張數全台前5％ - 聯合新聞網,"<a href=""https://news.google.com/rss/articles/CBMiUkFVX3lxTE5HRHpES0hQb3hJSGoybUo5anE5WnVFaDN5eDlWeXU3QU9aUmk1Uzl6Vy1fVUEyQVkzUmNXdzd4V2pQZEZRQTZmWmdNU3FDMGlONFE?oc=5"" target=""_blank"">台積電（2330）有一張就是前標贏過141萬人！阿格力揭股東排名：這張數全台前5％</a>&nbsp;&nbsp;<font color=""#6f6f6f"">聯合新聞網</font>",https://news.google.com/rss/articles/CBMiUkFVX3lxTE5HRHpES0hQb3hJSGoybUo5anE5WnVFaDN5eDlWeXU3QU9aUmk1Uzl6Vy1fVUEyQVkzUmNXdzd4V2pQZEZRQTZmWmdNU3FDMGlONFE?oc=5,GoogleNewsRSS
2026-02-13,0052和0050漲幅領先是沾台積電（2330）的光！陳重銘：但都輸給護國神山| 存股族愛ETF | 股市 - 聯合新聞網,"<a href=""https://news.google.com/rss/articles/CBMiU0FVX3lxTFBtdU1sajRNYndzb240SkN6NFdXUTB3RXJaTmV4YmNfejJBSGJXRER6SlRCSllUWTRLd2YwUXFsdWZyVFRWa19DTU1GUlRnZzRJSDdR?oc=5"" target=""_blank"">0052和0050漲幅領先是沾台積電（2330）的光！陳重銘：但都輸給護國神山| 存股族愛ETF | 股市</a>&nbsp;&nbsp;<font color=""#6f6f6f"">聯合新聞網</font>",https://news.google.com/rss/articles/CBMiU0FVX3lxTFBtdU1sajRNYndzb240SkN6NFdXUTB3RXJaTmV4YmNfejJBSGJXRER6SlRCSllUWTRLd2YwUXFsdWZyVFRWa19DTU1GUlRnZzRJSDdR?oc=5,GoogleNewsRSS
2026-02-25,狂！台積電飆破2000元…持50張躋身億萬俱樂部 網：下周就2330了 - 聯合新聞網,"<a href=""https://news.google.com/rss/articles/CBMiUkFVX3lxTE9hOUlBaFMzQVQ4ak8zMnNBTnBfLV9tX1FxZV8wNVFmcFZZeUtYNldCMDQwZVJTRm40ZnZjVDBxbUFlOFo2aWpLT1Z1NWc3eEVrYkHSAVdBVV95cUxPOGpyemVRdHBmV25jdjBGR25zeE1lSXVUUk5jT29hU2FQM0dQTE1iUnBhLVZZYmJMX1UtMm5qZlZpeE93QWhOT0szekFaRF9YVFI0a01Oajg?oc=5"" target=""_blank"">狂！台積電飆破2000元…持50張躋身億萬俱樂部 網：下周就2330了</a>&nbsp;&nbsp;<font color=""#6f6f6f"">聯合新聞網</font>",https://news.google.com/rss/articles/CBMiUkFVX3lxTE9hOUlBaFMzQVQ4ak8zMnNBTnBfLV9tX1FxZV8wNVFmcFZZeUtYNldCMDQwZVJTRm40ZnZjVDBxbUFlOFo2aWpLT1Z1NWc3eEVrYkHSAVdBVV95cUxPOGpyemVRdHBmV25jdjBGR25zeE1lSXVUUk5jT29hU2FQM0dQTE1iUnBhLVZZYmJMX1UtMm5qZlZpeE93QWhOT0szekFaRF9YVFI0a01Oajg?oc=5,GoogleNewsRSS
2026-01-28,台積電1800元來了！台股創新天價，年前紅包行情還有戲？「再漲2成衝3萬9」有機會，但風險在哪？ - 今周刊,"<a href=""https://news.google.com/rss/articles/CBMigAFBVV95cUxPbEljOFQxTnZvejd1SFAyYndhcXZiTWM4RmxYMnU5d0ZNTmFGcU9LVUVpVlA4bV9lQ3ZXLXFNLU0zOFJoaGlfSHhMVmJiRjByNzhCLWx0dGJfMUNscEhZai1WcnRoQnpiOC11YnNDYkZOV05FNjQ1MDl4S2xLeExtaA?oc=5"" target=""_blank"">台積電1800元來了！台股創新天價，年前紅包行情還有戲？「再漲2成衝3萬9」有機會，但風險在哪？</a>&nbsp;&nbsp;<font color=""#6f6f6f"">今周刊</font>",https://news.google.com/rss/articles/CBMigAFBVV95cUxPbEljOFQxTnZvejd1SFAyYndhcXZiTWM4RmxYMnU5d0ZNTmFGcU9LVUVpVlA4bV9lQ3ZXLXFNLU0zOFJoaGlfSHhMVmJiRjByNzhCLWx0dGJfMUNscEhZai1WcnRoQnpiOC11YnNDYkZOV05FNjQ1MDl4S2xLeExtaA?oc=5,GoogleNewsRSS
2026-01-26,台積電整理法人先落袋台股站上3萬2千點再刷新高/台塑四寶集體點火撐盤主角換傳產/日圓急飆甜甜價沒了廣場協議2.0警報響？｜Yahoo財經掃描 - Yahoo股市,"<a href=""https://news.google.com/rss/articles/CBMiowZBVV95cUxNQS1PN25xdWNtekhHblE3S0NGQkZKZy1XVkpPLTNuR3BTcnRSOXh4VjlYUW5haEZpcHhaRlNVYVg4amdtbDh1ZzNIYWxENVJYOVpHZFFNbkJHNklBVnJsZHNwSGNrMUdReVYtS0M1YldyMEZ6Z19PRm9TV1p6cGlacU9jenRnendiZTJEbFF6X0gtS29NNFJJMzJHTmxxVVBvT2pKTkN1dERFR3RSZ21qTUsxZmZwUUdsX0pLLVB2WGtKSnphVTR0WVJXVF84WVNReEF0UVhjUi1IbHhVdGI5MXFDeTl2ejlHOWQ1SGk5SWg5a2lSaUlYRWswNVFzVjNucUhLSnl0eUZmTjM3SERSRW9sdFdaNmkta2VvbU9maGJZRFRmbm9DdHZGajZuc0JJdm9haGpSeTVibDJCWVhqTVBZMjd3b3pDMmFoSUtaYmhjWmVOM1JHeVdfQ3NpR3pPcmFOYkp1N2JNdV9YWjZWWkpsVjlmcFZKdjI5TUxVYWhyTWNINlRQREl5eXhoaG5TWG1rRWkzRDU5cWRjMkJ5QWhaTmFrSXI2RHJVOTVoMmg2TWJ4cnpqNnBMZGRYUWV1OTNGa3F0clI5bWhUUG11elBMdVZ6alJ5X2hIbXY1MmlaYnR2MDFMbTR5cS1rdldDc3FfM0F4XzJnTE9acEw2ZWVJWlVvaFNycF8xUjVNSnpoWkNCMTQ3LWk4OFo4amNGQ0FxbzZBYnRpMzhnYmJQdTVvX0hJMTZtQ3VBMVYyUmhSS2FWN0dCWUV3TEszODJlNHVIdUJsWGlsQ0hoczBzSlRtNnp3NUJmNk5yelpuUTQtUkoxU0dZcnNBWG1ESmdzV2NEckdtV3hYVWJEdGYwVTVNYUtYODZYNGlldnBETkxpYlNTNHVETzE4QVdYdnZBbkpOOTIwZ1gwQm1XRVpPMDN4YU1CTVljcldXQVdQdEVXd0tyVVlEZkZyVXdUeThhOF81a0dPcUJ5T0JjbE95T3VsOFlQemVkT0M0ZDUzSkJMd3VCSGVZeUpfelRQMkx6d1JVb0I3M1lNY0MxUWxoU0xJMA?oc=5"" target=""_blank"">台積電整理法人先落袋台股站上3萬2千點再刷新高/台塑四寶集體點火撐盤主角換傳產/日圓急飆甜甜價沒了廣場協議2.0警報響？｜Yahoo財經掃描</a>&nbsp;&nbsp;<font color=""#6f6f6f"">Yahoo股市</font>",https://news.google.com/rss/articles/CBMiowZBVV95cUxNQS1PN25xdWNtekhHblE3S0NGQkZKZy1XVkpPLTNuR3BTcnRSOXh4VjlYUW5haEZpcHhaRlNVYVg4amdtbDh1ZzNIYWxENVJYOVpHZFFNbkJHNklBVnJsZHNwSGNrMUdReVYtS0M1YldyMEZ6Z19PRm9TV1p6cGlacU9jenRnendiZTJEbFF6X0gtS29NNFJJMzJHTmxxVVBvT2pKTkN1dERFR3RSZ21qTUsxZmZwUUdsX0pLLVB2WGtKSnphVTR0WVJXVF84WVNReEF0UVhjUi1IbHhVdGI5MXFDeTl2ejlHOWQ1SGk5SWg5a2lSaUlYRWswNVFzVjNucUhLSnl0eUZmTjM3SERSRW9sdFdaNmkta2VvbU9maGJZRFRmbm9DdHZGajZuc0JJdm9haGpSeTVibDJCWVhqTVBZMjd3b3pDMmFoSUtaYmhjWmVOM1JHeVdfQ3NpR3pPcmFOYkp1N2JNdV9YWjZWWkpsVjlmcFZKdjI5TUxVYWhyTWNINlRQREl5eXhoaG5TWG1rRWkzRDU5cWRjMkJ5QWhaTmFrSXI2RHJVOTVoMmg2TWJ4cnpqNnBMZGRYUWV1OTNGa3F0clI5bWhUUG11elBMdVZ6alJ5X2hIbXY1MmlaYnR2MDFMbTR5cS1rdldDc3FfM0F4XzJnTE9acEw2ZWVJWlVvaFNycF8xUjVNSnpoWkNCMTQ3LWk4OFo4amNGQ0FxbzZBYnRpMzhnYmJQdTVvX0hJMTZtQ3VBMVYyUmhSS2FWN0dCWUV3TEszODJlNHVIdUJsWGlsQ0hoczBzSlRtNnp3NUJmNk5yelpuUTQtUkoxU0dZcnNBWG1ESmdzV2NEckdtV3hYVWJEdGYwVTVNYUtYODZYNGlldnBETkxpYlNTNHVETzE4QVdYdnZBbkpOOTIwZ1gwQm1XRVpPMDN4YU1CTVljcldXQVdQdEVXd0tyVVlEZkZyVXdUeThhOF81a0dPcUJ5T0JjbE95T3VsOFlQemVkT0M0ZDUzSkJMd3VCSGVZeUpfelRQMkx6d1JVb0I3M1lNY0MxUWxoU0xJMA?oc=5,GoogleNewsRSS
2026-02-06,台積電（2330）赴日投資升級！他憂技術外溢網卻樂看：補助有誠意| 台股雜談| 股市 - 聯合新聞網,"<a href=""https://news.google.com/rss/articles/CBMiUkFVX3lxTFBLeFAwMDBMb2RqRXktUEkwelh5S1hCYTk0UzRHdU1NZ2JhaTF1Ul8tSHByQWFIbWJYeWxENjBXZmc1YTB1eTd3MktVektOMVlkcWc?oc=5"" target=""_blank"">台積電（2330）赴日投資升級！他憂技術外溢網卻樂看：補助有誠意| 台股雜談| 股市</a>&nbsp;&nbsp;<font color=""#6f6f6f"">聯合新聞網</font>",https://news.google.com/rss/articles/CBMiUkFVX3lxTFBLeFAwMDBMb2RqRXktUEkwelh5S1hCYTk0UzRHdU1NZ2JhaTF1Ul8tSHByQWFIbWJYeWxENjBXZmc1YTB1eTd3MktVektOMVlkcWc?oc=5,GoogleNewsRSS
2026-03-02,【即時新聞】台積電(2330)爆量958億守5日線，地緣政治激發籌碼換手 - cmoney.tw,"<a href=""https://news.google.com/rss/articles/CBMiZ0FVX3lxTE5TN3ZyMjVmSWFJS1Q5cWRwRnJtT21BM1gza2ctbnNDcmRyWHpZWFE4Um5iblE3X0Q5ZmoxOE1Majg2d2tkdHNNbDg5c2tfVUNESnFQb0hERDRiRkM0NEpsam54cDVwcDA?oc=5"" target=""_blank"">【即時新聞】台積電(2330)爆量958億守5日線，地緣政治激發籌碼換手</a>&nbsp;&nbsp;<font color=""#6f6f6f"">cmoney.tw</font>",https://news.google.com/rss/articles/CBMiZ0FVX3lxTE5TN3ZyMjVmSWFJS1Q5cWRwRnJtT21BM1gza2ctbnNDcmRyWHpZWFE4Um5iblE3X0Q5ZmoxOE1Majg2d2tkdHNNbDg5c2tfVUNESnFQb0hERDRiRkM0NEpsam54cDVwcDA?oc=5,GoogleNewsRSS
2026-02-23,快訊／50兆巨獸發威！台積電將闖「2000元」大關 502億金流全灌進 - Yahoo股市,"<a href=""https://news.google.com/rss/articles/CBMinAJBVV95cUxQZW5KcHhsNGdlREhUd25FcTJMMXloYTMzd3J3VlhmcmttR2ZobDhORGtoWGJ3Mk81S3FiZ1luamdHT1BOTzRCWU1zWElHZENYVVBPWjY3dUNHaG9adkFsS2pDR1JwR21oOC1DYXRTaF9EanpIMmhCQmk1aHFLTjhxNm81ZFl5Vmg5bkxfNEdTYVVXMXVuQzV4Z1hSOTdPcnZNamZQZUw3UGRIZWZzRlA4Zmt4NnlaaUxQRTNLeExldl9HNGhnYVFPNmdrS2RXNFN6Q19QMnZxRDZhY0xYcXdWWmJVTGYwYWZnOGRjTVJtdDhfX0RMWllHT2lRUmpyOTF4dnRVb2dXU1lrVGl4RzRNaEloWEJlZ3ZnY2RLSw?oc=5"" target=""_blank"">快訊／50兆巨獸發威！台積電將闖「2000元」大關 502億金流全灌進</a>&nbsp;&nbsp;<font color=""#6f6f6f"">Yahoo股市</font>",https://news.google.com/rss/articles/CBMinAJBVV95cUxQZW5KcHhsNGdlREhUd25FcTJMMXloYTMzd3J3VlhmcmttR2ZobDhORGtoWGJ3Mk81S3FiZ1luamdHT1BOTzRCWU1zWElHZENYVVBPWjY3dUNHaG9adkFsS2pDR1JwR21oOC1DYXRTaF9EanpIMmhCQmk1aHFLTjhxNm81ZFl5Vmg5bkxfNEdTYVVXMXVuQzV4Z1hSOTdPcnZNamZQZUw3UGRIZWZzRlA4Zmt4NnlaaUxQRTNLeExldl9HNGhnYVFPNmdrS2RXNFN6Q19QMnZxRDZhY0xYcXdWWmJVTGYwYWZnOGRjTVJtdDhfX0RMWllHT2lRUmpyOTF4dnRVb2dXU1lrVGl4RzRNaEloWEJlZ3ZnY2RLSw?oc=5,GoogleNewsRSS
2026-01-26,台積電2000元快了？專家點名「2時間點」：看到股價高峰 - Yahoo股市,"<a href=""https://news.google.com/rss/articles/CBMiygJBVV95cUxOWm8yeVJrN1k4cjFXc2MwQW56RkhYTzBGeXRHdC1sX3gwTG9rRWpBSkNJZmhoS3ZGc0o4X0xwYlNsWlFCTUR2YmtVSjViRUw4VEhuSThLdVJFdFNEdXFaMTdoTTZFbUZEWS1pa1JwXzJJWHdvSGszbWtqMFlDdmhkdXN1OUhhQlYyeHBJdnpXeDdMYXRtMHZucl9jS2pUaFVTSU5wZXNPZFY2VnZCXzZncTN0bGh3OWNPSzRaeDVFNFBIcDRMdDM3Y0hGOUFxc1BURWhPYWpxM2t4UTg4cXBiNVhJekFDZkFRcFdlY0lCdkdJWExpWFV0X0lpSWRlTXpIZFdQTV9qT29hT1ctMV83cmk0SFZZSktfRVoxWmF6SDVtOTlDVDA1ZmkxSU15UUdVMXNjN29ROUttMW9odk1TU3prd1NQYTZNaVE?oc=5"" target=""_blank"">台積電2000元快了？專家點名「2時間點」：看到股價高峰</a>&nbsp;&nbsp;<font color=""#6f6f6f"">Yahoo股市</font>",https://news.google.com/rss/articles/CBMiygJBVV95cUxOWm8yeVJrN1k4cjFXc2MwQW56RkhYTzBGeXRHdC1sX3gwTG9rRWpBSkNJZmhoS3ZGc0o4X0xwYlNsWlFCTUR2YmtVSjViRUw4VEhuSThLdVJFdFNEdXFaMTdoTTZFbUZEWS1pa1JwXzJJWHdvSGszbWtqMFlDdmhkdXN1OUhhQlYyeHBJdnpXeDdMYXRtMHZucl9jS2pUaFVTSU5wZXNPZFY2VnZCXzZncTN0bGh3OWNPSzRaeDVFNFBIcDRMdDM3Y0hGOUFxc1BURWhPYWpxM2t4UTg4cXBiNVhJekFDZkFRcFdlY0lCdkdJWExpWFV0X0lpSWRlTXpIZFdQTV9qT29hT1ctMV83cmk0SFZZSktfRVoxWmF6SDVtOTlDVDA1ZmkxSU15UUdVMXNjN29ROUttMW9odk1TU3prd1NQYTZNaVE?oc=5,GoogleNewsRSS
2026-02-24,"台股35,000點穩了？台積電盤後鉅額交易驚見2,073元歷史天價｜新聞快訊｜豐雲學堂 - sinotrade.com.tw","<a href=""https://news.google.com/rss/articles/CBMidkFVX3lxTE9nVFUtWHpGV3otb2RENVVjX0hkTkRLWnBQT3BYZWlZMFF4YXF1SnBjVnlwYW94a2wxTmVtdkdNaUhwdFdaTmVFU1hRRUFTQW5DenBaWExDMWJvbURCeEhmOTFQU2hPUmN6NE52NkN5Uno3bVdmMVE?oc=5"" target=""_blank"">台股35,000點穩了？台積電盤後鉅額交易驚見2,073元歷史天價｜新聞快訊｜豐雲學堂</a>&nbsp;&nbsp;<font color=""#6f6f6f"">sinotrade.com.tw</font>",https://news.google.com/rss/articles/CBMidkFVX3lxTE9nVFUtWHpGV3otb2RENVVjX0hkTkRLWnBQT3BYZWlZMFF4YXF1SnBjVnlwYW94a2wxTmVtdkdNaUhwdFdaTmVFU1hRRUFTQW5DenBaWExDMWJvbURCeEhmOTFQU2hPUmN6NE52NkN5Uno3bVdmMVE?oc=5,GoogleNewsRSS
2026-01-27,台股收盤漲485點再創高！台積電飆1820元新天價 電器電纜族群猛噴「這檔攻漲停」 - Yahoo股市,"<a href=""https://news.google.com/rss/articles/CBMi0ANBVV95cUxNSTltVnpoc2o2Nmt5cFdkeXlsWkhsSVBwczhLUFhMMGt3QU5vUThLd0p5RTI1Y2Zmd09HdlBXSTVHUDl6YVc0Z3FRczdINGZmWjB0bHlQdnFDUHJTOGZNUVRXNXE2d0NRY1hGVFpyTmxzY0RxOHQ4azJBeHZLVldvYVlBRW9LWEYzMUZLdm53VnFUOVNwV0lxVnpWNTYyZUl0enJDZE13SlFzZm1jcE81a05ZZTFVTEZMN3hlWXpNQVk3YmJZUmh4NkpRN0dJdGJrOXJXUzRFLU11aGdBYWkta3MzQVpFcE1EbmNTeGs2TVZYZS04cU5PMlpydy1VNFVXY1hfalNaN1M4elpkRmtxbVB6Y3h4UzdsRXhqQkp1ZGUyNGl2eTFraExkeGo2eFBGbjAzdURaMjlMZG1PZFBjcy0tS2hnVVdKQU1kV3o5dXNWbXBzTmgycHcybGhQOVRvbnQ0T3NNTVJYU2t2eWpjVG56b2lJRFduSGZ3NVVjbC10bTV0WHlkd3ZjQnEtSk5vQ2hIME94c18xR1NrV1YyNUMxYzNtTGhOaVg3RjMyeXI2R2J2eUNOODJJRXlkams0QmxCNm41dEUzQ1hZbmZpbQ?oc=5"" target=""_blank"">台股收盤漲485點再創高！台積電飆1820元新天價 電器電纜族群猛噴「這檔攻漲停」</a>&nbsp;&nbsp;<font color=""#6f6f6f"">Yahoo股市</font>",https://news.google.com/rss/articles/CBMi0ANBVV95cUxNSTltVnpoc2o2Nmt5cFdkeXlsWkhsSVBwczhLUFhMMGt3QU5vUThLd0p5RTI1Y2Zmd09HdlBXSTVHUDl6YVc0Z3FRczdINGZmWjB0bHlQdnFDUHJTOGZNUVRXNXE2d0NRY1hGVFpyTmxzY0RxOHQ4azJBeHZLVldvYVlBRW9LWEYzMUZLdm53VnFUOVNwV0lxVnpWNTYyZUl0enJDZE13SlFzZm1jcE81a05ZZTFVTEZMN3hlWXpNQVk3YmJZUmh4NkpRN0dJdGJrOXJXUzRFLU11aGdBYWkta3MzQVpFcE1EbmNTeGs2TVZYZS04cU5PMlpydy1VNFVXY1hfalNaN1M4elpkRmtxbVB6Y3h4UzdsRXhqQkp1ZGUyNGl2eTFraExkeGo2eFBGbjAzdURaMjlMZG1PZFBjcy0tS2hnVVdKQU1kV3o5dXNWbXBzTmgycHcybGhQOVRvbnQ0T3NNTVJYU2t2eWpjVG56b2lJRFduSGZ3NVVjbC10bTV0WHlkd3ZjQnEtSk5vQ2hIME94c18xR1NrV1YyNUMxYzNtTGhOaVg3RjMyeXI2R2J2eUNOODJJRXlkams0QmxCNm41dEUzQ1hZbmZpbQ?oc=5,GoogleNewsRSS
2026-02-17,台積電vs.ADR？網問同家股票該怎麼選 他點1ADR弱勢：美國沒有黑手護盤 - Yahoo股市,"<a href=""https://news.google.com/rss/articles/CBMimANBVV95cUxOZXhsX3ZCVWllWGdlUFozS1liRTRrUTJTR2FzQU14a1puYjBWZzhQcEI3X213NGNWTnZuUkZjakV4T3pHVmtwcGJFSlJqZjM2dFVIbTN0bE1kYVNFSWp4dFhOUGxUMXZydzFzR3VxaEdVcWhFeGNvRU5OM2F2Nmw2bmVNZVFkZjFIcGhxZHBCN1RpUXlJNlFXYUdhejdWU3ZvcXZhYUVIZ3ZPdFhKdWgwMHJ5NUN1SkZYeXA4MUIzdi00RTgyd2VwMlB0Tjc2SGJWcE9mVFNCNUt0ci1GVGc1emRReXF6S0kzLWl2Y0o2aTdFeVVvR0NfUm5MeVIyYjBEUDZ5ZVBEY0JSUFJyWnJBYU1keEE3YXlpQnFscEIzT210RzNPdkdURkF6Qkt5MUV5TXBncl9GbzRScW9fN0N0eUhHMVV3dWhWWU1kcjBwZmJSVVRYVDh3UEVueVdOMzlvckNYeFJQNGV1TnVoX1BGS28wTEl5Zl95YTcyNWVkd09BX2NkYXN3WEZ6OVBxRHI2M1lqVE5vZEk?oc=5"" target=""_blank"">台積電vs.ADR？網問同家股票該怎麼選 他點1ADR弱勢：美國沒有黑手護盤</a>&nbsp;&nbsp;<font color=""#6f6f6f"">Yahoo股市</font>",https://news.google.com/rss/articles/CBMimANBVV95cUxOZXhsX3ZCVWllWGdlUFozS1liRTRrUTJTR2FzQU14a1puYjBWZzhQcEI3X213NGNWTnZuUkZjakV4T3pHVmtwcGJFSlJqZjM2dFVIbTN0bE1kYVNFSWp4dFhOUGxUMXZydzFzR3VxaEdVcWhFeGNvRU5OM2F2Nmw2bmVNZVFkZjFIcGhxZHBCN1RpUXlJNlFXYUdhejdWU3ZvcXZhYUVIZ3ZPdFhKdWgwMHJ5NUN1SkZYeXA4MUIzdi00RTgyd2VwMlB0Tjc2SGJWcE9mVFNCNUt0ci1GVGc1emRReXF6S0kzLWl2Y0o2aTdFeVVvR0NfUm5MeVIyYjBEUDZ5ZVBEY0JSUFJyWnJBYU1keEE3YXlpQnFscEIzT210RzNPdkdURkF6Qkt5MUV5TXBncl9GbzRScW9fN0N0eUhHMVV3dWhWWU1kcjBwZmJSVVRYVDh3UEVueVdOMzlvckNYeFJQNGV1TnVoX1BGS28wTEl5Zl95YTcyNWVkd09BX2NkYXN3WEZ6OVBxRHI2M1lqVE5vZEk?oc=5,GoogleNewsRSS
2026-02-10,台積電股利拍板！維持配6元 6/11除息 - Yahoo股市,"<a href=""https://news.google.com/rss/articles/CBMiigJBVV95cUxQaEV0LTJvcldlRDE2MlVYa0VRYTE1OUM4TFdvZUdfOVJCR19Rb21RRTNhUEIyS1J1YS15MTREZGMtc1Ywd09HaFI4MTNIVlJLXzVmVmN3MlNZbExaWVQyOGthcDcwSm1WU21ZNlF0SVhuTWNEZkJUS0pDMzRSRVNDSUV4TFU3RGRON1VGa2l3VGlnTUdlUnN2YmdWVlBtZ2tPRmt4d3BQNTNkVGJRenRLa19pZjlxZzRNOGYyd0RzN1ZoR2FEQXVteTdraURnbExQLXk0akZBeGhKM1lKV2x5VEtMSS01dWd4R09va21jT0MxZEl6cFdRYUMzVGluT0JJTmtlYkNhaGJJUQ?oc=5"" target=""_blank"">台積電股利拍板！維持配6元 6/11除息</a>&nbsp;&nbsp;<font color=""#6f6f6f"">Yahoo股市</font>",https://news.google.com/rss/articles/CBMiigJBVV95cUxQaEV0LTJvcldlRDE2MlVYa0VRYTE1OUM4TFdvZUdfOVJCR19Rb21RRTNhUEIyS1J1YS15MTREZGMtc1Ywd09HaFI4MTNIVlJLXzVmVmN3MlNZbExaWVQyOGthcDcwSm1WU21ZNlF0SVhuTWNEZkJUS0pDMzRSRVNDSUV4TFU3RGRON1VGa2l3VGlnTUdlUnN2YmdWVlBtZ2tPRmt4d3BQNTNkVGJRenRLa19pZjlxZzRNOGYyd0RzN1ZoR2FEQXVteTdraURnbExQLXk0akZBeGhKM1lKV2x5VEtMSS01dWd4R09va21jT0MxZEl6cFdRYUMzVGluT0JJTmtlYkNhaGJJUQ?oc=5,GoogleNewsRSS
2026-02-25,【即時新聞】台積電(2330)收盤價1965元創新高，市值飆破50兆大關！ - cmoney.tw,"<a href=""https://news.google.com/rss/articles/CBMiZ0FVX3lxTE0zM0NYWUVWSHdPdy02eTN6U1dZY0g5dC1EZHdUTWJaaUZtamlXZGhzZWdJaHZhYkx3WTljZ1JSeTNrc1ByQUVtUXEwOTZlOWhwZ3FzaVJjQzN2NTNKVnJMMDk3akI5LVk?oc=5"" target=""_blank"">【即時新聞】台積電(2330)收盤價1965元創新高，市值飆破50兆大關！</a>&nbsp;&nbsp;<font color=""#6f6f6f"">cmoney.tw</font>",https://news.google.com/rss/articles/CBMiZ0FVX3lxTE0zM0NYWUVWSHdPdy02eTN6U1dZY0g5dC1EZHdUTWJaaUZtamlXZGhzZWdJaHZhYkx3WTljZ1JSeTNrc1ByQUVtUXEwOTZlOWhwZ3FzaVJjQzN2NTNKVnJMMDk3akI5LVk?oc=5,GoogleNewsRSS
2026-03-01,【即時新聞】輝達重挫與戰火夾擊，台積電(2330)恐承壓，法人點名營收創高可伺機承接 - CMoney投資網誌,"<a href=""https://news.google.com/rss/articles/CBMikAFBVV95cUxQRFpKRUhDTzlmb2lGQXE4YzlWUldWM3AtOW1HbXl1X3VmSWc3QTd5UmhSUEFTc0dkNnJHVVhPTHVFOEgyYXFQV3NSVFBhenU3UW50R241cDgyVXBRc0NRMEF6UThIa3ZwajR5emxUZTVDb1lSWUUzWmI5TFp6V0FEVDJlZnZoTFJIQjBzUV8zYk0?oc=5"" target=""_blank"">【即時新聞】輝達重挫與戰火夾擊，台積電(2330)恐承壓，法人點名營收創高可伺機承接</a>&nbsp;&nbsp;<font color=""#6f6f6f"">CMoney投資網誌</font>",https://news.google.com/rss/articles/CBMikAFBVV95cUxQRFpKRUhDTzlmb2lGQXE4YzlWUldWM3AtOW1HbXl1X3VmSWc3QTd5UmhSUEFTc0dkNnJHVVhPTHVFOEgyYXFQV3NSVFBhenU3UW50R241cDgyVXBRc0NRMEF6UThIa3ZwajR5emxUZTVDb1lSWUUzWmI5TFp6V0FEVDJlZnZoTFJIQjBzUV8zYk0?oc=5,GoogleNewsRSS
2026-02-24,史上第五次！台積電股價狂飆遭證交所列注意股- 證券 - 工商時報,"<a href=""https://news.google.com/rss/articles/CBMiX0FVX3lxTE13dVJkc3VYci0tMkxyZDJhVWdtUnZkU1RyQThJeEczWlpWVWpnenNjNTI3Vm1URDdqOExNbU44SU1hRUVZaVp0Vjl3TGVVOE4wMjlHOF9VRERkU0lHVHVJ?oc=5"" target=""_blank"">史上第五次！台積電股價狂飆遭證交所列注意股- 證券</a>&nbsp;&nbsp;<font color=""#6f6f6f"">工商時報</font>",https://news.google.com/rss/articles/CBMiX0FVX3lxTE13dVJkc3VYci0tMkxyZDJhVWdtUnZkU1RyQThJeEczWlpWVWpnenNjNTI3Vm1URDdqOExNbU44SU1hRUVZaVp0Vjl3TGVVOE4wMjlHOF9VRERkU0lHVHVJ?oc=5,GoogleNewsRSS
2026-02-24,爽領380億現金股利！「國家級大股東」抱台積電26個月帳面暴增近7700億 - Yahoo股市,"<a href=""https://news.google.com/rss/articles/CBMilgNBVV95cUxNS0F1LXF3MmRpR3VWSksyWjF2MEJZRHgzTkdqUUlEVmNwN3NLZlh1N29ESEdTSGZCTEVBZENVcThBRjVTQWRKWlJMeF9QaFRfVGtDcnJQeW1fWFNDUTdheHVCRnRuQXlaWTlOYUVNVy1jOGRKRjNEdU9ZSTZiR3ZuZnB3eEJBa3k1S0lUcndWaTRmVW9MclVzUkhKZkRhQTI3SE5yR1VadkdmUk42bGstSUdzNlNVRFBZLXN6VlBXdS1xWDEtaE9GYUZiWjR5LTJBWl9OLWI3OWZzSm9FWXlDLVh2NEpkZzdwM25OaG1QTGIyZ3NGRkFXdXN2SnFpRXRETmpYT2htMTZiNU1UZG9LVnF1YzJqdVZPajRhaWVRT3FlbHctR3lyLWV2bnJVLVBWWEh2cGtuVWlBQW1jVVkxbnNWYXpfeENGSTdnb3ItRU13dnJjdl9adWFSaHpqRVZNUS15UzFtTllyLWhzVEcyN0RKZnZuQm9TZkFqeFF3bGZGUVJsWmd2eEx3VWNHWEtCdVVXSUdn?oc=5"" target=""_blank"">爽領380億現金股利！「國家級大股東」抱台積電26個月帳面暴增近7700億</a>&nbsp;&nbsp;<font color=""#6f6f6f"">Yahoo股市</font>",https://news.google.com/rss/articles/CBMilgNBVV95cUxNS0F1LXF3MmRpR3VWSksyWjF2MEJZRHgzTkdqUUlEVmNwN3NLZlh1N29ESEdTSGZCTEVBZENVcThBRjVTQWRKWlJMeF9QaFRfVGtDcnJQeW1fWFNDUTdheHVCRnRuQXlaWTlOYUVNVy1jOGRKRjNEdU9ZSTZiR3ZuZnB3eEJBa3k1S0lUcndWaTRmVW9MclVzUkhKZkRhQTI3SE5yR1VadkdmUk42bGstSUdzNlNVRFBZLXN6VlBXdS1xWDEtaE9GYUZiWjR5LTJBWl9OLWI3OWZzSm9FWXlDLVh2NEpkZzdwM25OaG1QTGIyZ3NGRkFXdXN2SnFpRXRETmpYT2htMTZiNU1UZG9LVnF1YzJqdVZPajRhaWVRT3FlbHctR3lyLWV2bnJVLVBWWEh2cGtuVWlBQW1jVVkxbnNWYXpfeENGSTdnb3ItRU13dnJjdl9adWFSaHpqRVZNUS15UzFtTllyLWhzVEcyN0RKZnZuQm9TZkFqeFF3bGZGUVJsWmd2eEx3VWNHWEtCdVVXSUdn?oc=5,GoogleNewsRSS
2026-03-02,2330 台積電 - 全球晶圓代工龍頭台積電（2330）17日將除息，為首度單季配...｜CMoney 股市爆料同學會 - cmoney.tw,"<a href=""https://news.google.com/rss/articles/CBMiWEFVX3lxTE9fc2JrTUtmTmxjRUNxRTQ4S3dwVFRfZjVSd3k4d3RFeHFBYzhxVzNDRTc4SGVWbWh6cGxNQjcyMHFNSUxFdE91NVA2Z0REdXI2c0lqY3V4WTA?oc=5"" target=""_blank"">2330 台積電 - 全球晶圓代工龍頭台積電（2330）17日將除息，為首度單季配...｜CMoney 股市爆料同學會</a>&nbsp;&nbsp;<font color=""#6f6f6f"">cmoney.tw</font>",https://news.google.com/rss/articles/CBMiWEFVX3lxTE9fc2JrTUtmTmxjRUNxRTQ4S3dwVFRfZjVSd3k4d3RFeHFBYzhxVzNDRTc4SGVWbWh6cGxNQjcyMHFNSUxFdE91NVA2Z0REdXI2c0lqY3V4WTA?oc=5,GoogleNewsRSS
2026-02-17,小資買不起整張台積電有解！杜金龍教2招：抱走神山 - Yahoo股市,"<a href=""https://news.google.com/rss/articles/CBMi2wJBVV95cUxPZ2lVNnhiMnJSVGVqZzliX1RxQThVY0FEUzl2NndSV2Q4U0tQU2tFTDhDNmJYRDZLa00wT2l1d2JFV0hwUU9NOGJ4N0xyb0F3RlctN1N0b0FlQnllZjd6bmZNdEszN2RvZGR0aFFMSnJ1a2xxNFJiX25reU56YWtaQkVVdFppdXFsUW1aa2oxdlZPQkJaNnNWQmQtdW9EV1ByS1NQZWhJX3pnLWRZWTFoMUxnNnpwd2NndEg3cWZiNHpHeTlPR3ZmS19UNFFGaXUxQlJ1bk5zbGJYUUpLTzFFT1Z5cmFhVTVmYS02UFA3dDEyOUxWLVJGeGxxZFdLMmlVbi1TU05hMFhiVW5zR2haaldEMVNReWFTWmZnSWRiV1o1WmJEYmtMR3d4N0JoVEtFbjdSU3p1QTFEQndTRXhOLXVxa3lWTnRmR2d0YUc1ZUk5UzBzcng2QzBrNA?oc=5"" target=""_blank"">小資買不起整張台積電有解！杜金龍教2招：抱走神山</a>&nbsp;&nbsp;<font color=""#6f6f6f"">Yahoo股市</font>",https://news.google.com/rss/articles/CBMi2wJBVV95cUxPZ2lVNnhiMnJSVGVqZzliX1RxQThVY0FEUzl2NndSV2Q4U0tQU2tFTDhDNmJYRDZLa00wT2l1d2JFV0hwUU9NOGJ4N0xyb0F3RlctN1N0b0FlQnllZjd6bmZNdEszN2RvZGR0aFFMSnJ1a2xxNFJiX25reU56YWtaQkVVdFppdXFsUW1aa2oxdlZPQkJaNnNWQmQtdW9EV1ByS1NQZWhJX3pnLWRZWTFoMUxnNnpwd2NndEg3cWZiNHpHeTlPR3ZmS19UNFFGaXUxQlJ1bk5zbGJYUUpLTzFFT1Z5cmFhVTVmYS02UFA3dDEyOUxWLVJGeGxxZFdLMmlVbi1TU05hMFhiVW5zR2haaldEMVNReWFTWmZnSWRiV1o1WmJEYmtMR3d4N0JoVEtFbjdSU3p1QTFEQndTRXhOLXVxa3lWTnRmR2d0YUc1ZUk5UzBzcng2QzBrNA?oc=5,GoogleNewsRSS
2026-02-24,台積電變身飆馬股 今年來大漲3成創新天價2025元 市值衝到2兆美元｜新聞快訊｜豐雲學堂 - sinotrade.com.tw,"<a href=""https://news.google.com/rss/articles/CBMidkFVX3lxTE04RVVXWnBrSGx4bDBOb2ZZYzdTQUNkLXhjRzNvMDZVcnAxejA0Q3Jxd19ucE1CTWRtVmM2bVN0YkdKT0F3bmR6eXo4djA4NTZ2cHBCWFJzWVFicUdNZjFGNG1lSEt3Q2hpdDlMdU1wSS1pamZ4OEE?oc=5"" target=""_blank"">台積電變身飆馬股 今年來大漲3成創新天價2025元 市值衝到2兆美元｜新聞快訊｜豐雲學堂</a>&nbsp;&nbsp;<font color=""#6f6f6f"">sinotrade.com.tw</font>",https://news.google.com/rss/articles/CBMidkFVX3lxTE04RVVXWnBrSGx4bDBOb2ZZYzdTQUNkLXhjRzNvMDZVcnAxejA0Q3Jxd19ucE1CTWRtVmM2bVN0YkdKT0F3bmR6eXo4djA4NTZ2cHBCWFJzWVFicUdNZjFGNG1lSEt3Q2hpdDlMdU1wSS1pamZ4OEE?oc=5,GoogleNewsRSS
2026-03-16,2330 台積電 - 台積電（2330）3月17日除息，每股配發6元現金股利｜CMoney 股市爆料同學會 - cmoney.tw,"<a href=""https://news.google.com/rss/articles/CBMiWEFVX3lxTE5IWWJ5SmxwOTc5SjNiakRIblNrNG5Fd0FLN1NfRzhjTDlrcm42MWx0ODFyczZ1Znc3ckZhVm03SDNXel9yY0tibzhYRm5GUXlPVU51SUE1UFg?oc=5"" target=""_blank"">2330 台積電 - 台積電（2330）3月17日除息，每股配發6元現金股利｜CMoney 股市爆料同學會</a>&nbsp;&nbsp;<font color=""#6f6f6f"">cmoney.tw</font>",https://news.google.com/rss/articles/CBMiWEFVX3lxTE5IWWJ5SmxwOTc5SjNiakRIblNrNG5Fd0FLN1NfRzhjTDlrcm42MWx0ODFyczZ1Znc3ckZhVm03SDNXel9yY0tibzhYRm5GUXlPVU51SUE1UFg?oc=5,GoogleNewsRSS
2026-02-06,2330 台積電 - 【台積電(2330)盤後解析】股價微跌，籌碼轉向偏空⚠️ ...｜CMoney 股市爆料同學會 - cmoney.tw,"<a href=""https://news.google.com/rss/articles/CBMiWEFVX3lxTE5RbnpWU21oQUs1ZFNHaTRjU24yeVhoY0tVQjBvYkZXenMzRkdyV0hCUWlnS0tiVUdRVVBNNXJ1Q0J4eXgwMlJBUW9NUE5jdmFuT0hVSEpNNHo?oc=5"" target=""_blank"">2330 台積電 - 【台積電(2330)盤後解析】股價微跌，籌碼轉向偏空⚠️ ...｜CMoney 股市爆料同學會</a>&nbsp;&nbsp;<font color=""#6f6f6f"">cmoney.tw</font>",https://news.google.com/rss/articles/CBMiWEFVX3lxTE5RbnpWU21oQUs1ZFNHaTRjU24yeVhoY0tVQjBvYkZXenMzRkdyV0hCUWlnS0tiVUdRVVBNNXJ1Q0J4eXgwMlJBUW9NUE5jdmFuT0hVSEpNNHo?oc=5,GoogleNewsRSS
2026-03-04,台積電飆逾5%衝1960元！市值回補逾2兆元 股市名師李永年看好續漲 - Yahoo股市,"<a href=""https://news.google.com/rss/articles/CBMinANBVV95cUxNUUlXNERhTGFnSUtabDRXVmw1RDltak43VEpSVTc3SndhUVFxTWdCX0JWZklqVndjbnBxUWxLYkVGVjFGeHRrRWhrTjdXdnFkN1FxdWhqdjlSV1hkdE1tZGJ5R21IdVRZa25MQjZCTDhqVW5TSXQxMU1rb1RIVEhmZHRtS0d1cGZWTklOZ0J4RDJmMXpQZmFNSDZ6WURXeUJQLXR0d1pEVHg1MUg4RW1SUnNBbUlCT3FSd3Rvby1SXzMzN3UtQl9HQmFKbEFtYWZSUUw4RVhFYkRpc01MTU5ONlh6bWtyekpPMzRSYlJDdUppbTFBcC1EN09peTRTdFh3TkNZdjM2Q2JUb3VDa3pnQlRxWGZmalBWdHVDd1hPYS14YWJTWU13VUZENnBUNXVNSTFfS0h4Skc0UXR3ZnIwWHlRdmRKUWNnX2Rla2hRdVhpMm1WU2NldmpKZGlvelN1Ymt4aWdpd1BIVFl5TmdZdkZONXlnLUFiR3BPUEpmRG9GSmZIOXFWMl82WmNxcFJKd2VqU2Z3UUViQUty?oc=5"" target=""_blank"">台積電飆逾5%衝1960元！市值回補逾2兆元 股市名師李永年看好續漲</a>&nbsp;&nbsp;<font color=""#6f6f6f"">Yahoo股市</font>",https://news.google.com/rss/articles/CBMinANBVV95cUxNUUlXNERhTGFnSUtabDRXVmw1RDltak43VEpSVTc3SndhUVFxTWdCX0JWZklqVndjbnBxUWxLYkVGVjFGeHRrRWhrTjdXdnFkN1FxdWhqdjlSV1hkdE1tZGJ5R21IdVRZa25MQjZCTDhqVW5TSXQxMU1rb1RIVEhmZHRtS0d1cGZWTklOZ0J4RDJmMXpQZmFNSDZ6WURXeUJQLXR0d1pEVHg1MUg4RW1SUnNBbUlCT3FSd3Rvby1SXzMzN3UtQl9HQmFKbEFtYWZSUUw4RVhFYkRpc01MTU5ONlh6bWtyekpPMzRSYlJDdUppbTFBcC1EN09peTRTdFh3TkNZdjM2Q2JUb3VDa3pnQlRxWGZmalBWdHVDd1hPYS14YWJTWU13VUZENnBUNXVNSTFfS0h4Skc0UXR3ZnIwWHlRdmRKUWNnX2Rla2hRdVhpMm1WU2NldmpKZGlvelN1Ymt4aWdpd1BIVFl5TmdZdkZONXlnLUFiR3BPUEpmRG9GSmZIOXFWMl82WmNxcFJKd2VqU2Z3UUViQUty?oc=5,GoogleNewsRSS
2026-02-25,焦點股》台積電：股價衝2000元 市值近52兆元 - 自由財經,"<a href=""https://news.google.com/rss/articles/CBMiX0FVX3lxTFBJVF81VkFPSHlXSkZkcGRFdW5xOHF5RDdSTGxCUExsSEZtUTBrMnVlbmwxbElJX2FXX3U1UlI4RllRV001NWhncG45MEI5dFRnMVQzUmFJaXJPTWJPSnRn?oc=5"" target=""_blank"">焦點股》台積電：股價衝2000元 市值近52兆元</a>&nbsp;&nbsp;<font color=""#6f6f6f"">自由財經</font>",https://news.google.com/rss/articles/CBMiX0FVX3lxTFBJVF81VkFPSHlXSkZkcGRFdW5xOHF5RDdSTGxCUExsSEZtUTBrMnVlbmwxbElJX2FXX3U1UlI4RllRV001NWhncG45MEI5dFRnMVQzUmFJaXJPTWJPSnRn?oc=5,GoogleNewsRSS
2026-03-03,大盤狂瀉逾1300點！權值股血流成河...台積電挨刀下殺1900元矽光子、MCU「22檔個股」中槍慘跌停 - Yahoo股市,"<a href=""https://news.google.com/rss/articles/CBMijwNBVV95cUxOazVtdmh4c2lyOXFFZjRWcnJTeW5IblJOdl9wRDdMUzZxMTJkZkpyR1ZRZjdnT2xFT1hNRWVPdFdMcUNzMzZCQVJxOXBhejViUjN5US13ZXZVajl1Rjl2NTRMcnZVZjlrNUs4NkV0cFgtTEFSZnhsaW0wV01MXzNzVEF4VnNmaFlHSGEwd0dvekhKalFVUEg1NUdyQTV0Q3JhQ0g2SjduT05KZFBRMV9lenlNNXQ2LXhLV3l4a0hXblVmOGhjWENLZExwWTFyTHFLaFVJTERqR0ZzR1lSTWdNbV9oNWN5WFlnZGFKUE1VWmJkS0VRTHNNb0s5d3daUVJTYzVhandVYVR6VTZMRERUZURtZk1SaThZWGtjVTJGckluMFhKdkdzUVBiT2VYYWlodjNacGZYRnA5VlRoc2xJaWpzTDh0UGEtRExLMzctVFNnY0RWb21HT0NUOVBfbzBHRURtdUdZZHpDbldnVDM4SGVwYlJWdGtEX3RZRDhHeXFPVFhBUV9CdXYzVVQ1Snc?oc=5"" target=""_blank"">大盤狂瀉逾1300點！權值股血流成河...台積電挨刀下殺1900元矽光子、MCU「22檔個股」中槍慘跌停</a>&nbsp;&nbsp;<font color=""#6f6f6f"">Yahoo股市</font>",https://news.google.com/rss/articles/CBMijwNBVV95cUxOazVtdmh4c2lyOXFFZjRWcnJTeW5IblJOdl9wRDdMUzZxMTJkZkpyR1ZRZjdnT2xFT1hNRWVPdFdMcUNzMzZCQVJxOXBhejViUjN5US13ZXZVajl1Rjl2NTRMcnZVZjlrNUs4NkV0cFgtTEFSZnhsaW0wV01MXzNzVEF4VnNmaFlHSGEwd0dvekhKalFVUEg1NUdyQTV0Q3JhQ0g2SjduT05KZFBRMV9lenlNNXQ2LXhLV3l4a0hXblVmOGhjWENLZExwWTFyTHFLaFVJTERqR0ZzR1lSTWdNbV9oNWN5WFlnZGFKUE1VWmJkS0VRTHNNb0s5d3daUVJTYzVhandVYVR6VTZMRERUZURtZk1SaThZWGtjVTJGckluMFhKdkdzUVBiT2VYYWlodjNacGZYRnA5VlRoc2xJaWpzTDh0UGEtRExLMzctVFNnY0RWb21HT0NUOVBfbzBHRURtdUdZZHpDbldnVDM4SGVwYlJWdGtEX3RZRDhHeXFPVFhBUV9CdXYzVVQ1Snc?oc=5,GoogleNewsRSS
2026-02-03,台股盤後｜台積電重回1800元權值股撐盤大漲571點收32195點 0203｜豐雲學堂2026 年 03 月 - sinotrade.com.tw,"<a href=""https://news.google.com/rss/articles/CBMihwNBVV95cUxOekpCVFMtS3JfeFluN3ZMcmxQMnhOcHQydjJtZk1FUE9maC1saGFMcWhtNDVXdGJPdVpXRVR1U1g1Szk4SEUyS1p0TkJkdTJNakxSa1F2c2pRVGpfRjRCRjhUS1k0QUJsTHFrX1FxTE9FbUhkRWY3UzNYOG1OUERvNk8xOXFUMVZqNzgzVVdPNWNUYXJjU21QRUVxc0hsekEwczdPU3VPRHRhRmFmVzdKLXVVbm1vbWxRTjBXbXh2eDktS3NPVmJFQnJiN01YSml2SW9uWmxYU1lwZU1WcVZyMjdMYW96a1FjLW5KWGs1Ym14RVQtb3JHVVJMQkF4bEZ3dmJPa3JVcVMzSHQ0bmVxVzgtTDJBQzFPQ3IyaHNnTTJvVG1uSUxhM3lhWC05NGRleUJZcU15MWtXTGNiTlAwdktSV1ltZVdKT3ZObEZ0czVLM1BhWjVyc2xZZ1R4bGd1WTl6UER3STNILXFIc3c4NWZITTE4TjJtRVJhMUU5ZUUzN05zc09j?oc=5"" target=""_blank"">台股盤後｜台積電重回1800元權值股撐盤大漲571點收32195點 0203｜豐雲學堂2026 年 03 月</a>&nbsp;&nbsp;<font color=""#6f6f6f"">sinotrade.com.tw</font>",https://news.google.com/rss/articles/CBMihwNBVV95cUxOekpCVFMtS3JfeFluN3ZMcmxQMnhOcHQydjJtZk1FUE9maC1saGFMcWhtNDVXdGJPdVpXRVR1U1g1Szk4SEUyS1p0TkJkdTJNakxSa1F2c2pRVGpfRjRCRjhUS1k0QUJsTHFrX1FxTE9FbUhkRWY3UzNYOG1OUERvNk8xOXFUMVZqNzgzVVdPNWNUYXJjU21QRUVxc0hsekEwczdPU3VPRHRhRmFmVzdKLXVVbm1vbWxRTjBXbXh2eDktS3NPVmJFQnJiN01YSml2SW9uWmxYU1lwZU1WcVZyMjdMYW96a1FjLW5KWGs1Ym14RVQtb3JHVVJMQkF4bEZ3dmJPa3JVcVMzSHQ0bmVxVzgtTDJBQzFPQ3IyaHNnTTJvVG1uSUxhM3lhWC05NGRleUJZcU15MWtXTGNiTlAwdktSV1ltZVdKT3ZObEZ0czVLM1BhWjVyc2xZZ1R4bGd1WTl6UER3STNILXFIc3c4NWZITTE4TjJtRVJhMUU5ZUUzN05zc09j?oc=5,GoogleNewsRSS
2026-02-10,快訊／台積電單月營收首度衝破4000億創新高　月增近2成、年增36.8% - ETtoday財經雲,"<a href=""https://news.google.com/rss/articles/CBMiUkFVX3lxTE1jcmxvVG94eGZCU0d4WGJ5SncwWEwzODVQV19hYmloaDh6VDdpYUhCNFlwN2tyTWpXS0w3SVNkY2tCc081ZVRvZEhOU1BETnZacUHSAW5BVV95cUxQSjB4WGNJOGxtS1Rvdm4wcjFNWnFtWGt5VXJma2otRlpwRmhtVnNKZFBQaGxRWlNqeHRJNF90UXBDSnlyQXMtWDNmM3laRmVfakY1bXpTSkJVMjFuakhBeUdqUGhWTUdyMUdnX0VLdw?oc=5"" target=""_blank"">快訊／台積電單月營收首度衝破4000億創新高　月增近2成、年增36.8%</a>&nbsp;&nbsp;<font color=""#6f6f6f"">ETtoday財經雲</font>",https://news.google.com/rss/articles/CBMiUkFVX3lxTE1jcmxvVG94eGZCU0d4WGJ5SncwWEwzODVQV19hYmloaDh6VDdpYUhCNFlwN2tyTWpXS0w3SVNkY2tCc081ZVRvZEhOU1BETnZacUHSAW5BVV95cUxQSjB4WGNJOGxtS1Rvdm4wcjFNWnFtWGt5VXJma2otRlpwRmhtVnNKZFBQaGxRWlNqeHRJNF90UXBDSnlyQXMtWDNmM3laRmVfakY1bXpTSkJVMjFuakhBeUdqUGhWTUdyMUdnX0VLdw?oc=5,GoogleNewsRSS
2026-02-25,想買台積電「等不到拉回」！ 夫妻不忍了：500萬閉眼All in - Yahoo股市,"<a href=""https://news.google.com/rss/articles/CBMivwJBVV95cUxNdG1rMWIwVTc1OUExS1c0V0ZocExjT3R3QU9pYkRkQUp5SktVUzNHNVJieGp6TW9CVEh1M3BOcnRVYzdNXzhHMmdCX2EtakVIY1lLS2VUNk5kLUdkOXZiSTN2cGNHa1pJbHFxSlVtSklYbGFaQV9fcE1wbVcyS2c5d3dKRWR0cUhiUTJEYVE2bERWQlA4VURMckUtWXgzUHdhY19lR3NlbENEUDBTaGpJUVktamowVG9wQmNscnF1OUxhRlNaTzhxWmttUUc3bHpNS1hfVE0wYkRGMGR1TDRCMEI2R3lKMHZTbHNDOHRzczZBUGJPRGpjMGVDLUJobnB1bkMxTGI3WU93bUc2ZzlMc1N1NHZvc1RPSmJSajQ4TkdURHpVeVdfMEFDaUdpRGlGRldNbTVuTE41QmV2M1Aw?oc=5"" target=""_blank"">想買台積電「等不到拉回」！ 夫妻不忍了：500萬閉眼All in</a>&nbsp;&nbsp;<font color=""#6f6f6f"">Yahoo股市</font>",https://news.google.com/rss/articles/CBMivwJBVV95cUxNdG1rMWIwVTc1OUExS1c0V0ZocExjT3R3QU9pYkRkQUp5SktVUzNHNVJieGp6TW9CVEh1M3BOcnRVYzdNXzhHMmdCX2EtakVIY1lLS2VUNk5kLUdkOXZiSTN2cGNHa1pJbHFxSlVtSklYbGFaQV9fcE1wbVcyS2c5d3dKRWR0cUhiUTJEYVE2bERWQlA4VURMckUtWXgzUHdhY19lR3NlbENEUDBTaGpJUVktamowVG9wQmNscnF1OUxhRlNaTzhxWmttUUc3bHpNS1hfVE0wYkRGMGR1TDRCMEI2R3lKMHZTbHNDOHRzczZBUGJPRGpjMGVDLUJobnB1bkMxTGI3WU93bUc2ZzlMc1N1NHZvc1RPSmJSajQ4TkdURHpVeVdfMEFDaUdpRGlGRldNbTVuTE41QmV2M1Aw?oc=5,GoogleNewsRSS
2026-03-02,仙人指路快來看！ 台積電盤後鉅額交易驚見2190元 - Yahoo股市,"<a href=""https://news.google.com/rss/articles/CBMixgJBVV95cUxOYi1PWS1WcXREVEpVYngyTG4tN3VfaEVNZ3RvV1F3N3drRXhhQXowMGpWbWE2OHd3c2JhT1BHb1dpbkRKdDJuME9sWWQxR1g5aUYycjRDVVBnOXI1aFhpOTVVdUdXamgtWDdfNTRJMzZfU1RmZVpYaGV1RGNVVXBaUEFOTEE4SkZpajUyWXFzZ1hFYU9yTU5ld3Azb2FzVmZzMWpFZHhvUzM4VEpCRWp5d29HWFFyTE1RSnl5cm8ySE9EcGtwMlA1NDAxdzAxdkhOYUgwUU1GbHFCWXdIa2VySk0wdHZ6QVhXYkphcDEtTGFUMTdqVzl6VHFIbGNQakxVX2wtV2d4STJYS3FaeVJRbmRwVVpweUJBVjEzeU9LRWUxZHhJVG9KREViYlYtejFQaFFZWURST2J3N1VwWTF6ZkZ4SldzZw?oc=5"" target=""_blank"">仙人指路快來看！ 台積電盤後鉅額交易驚見2190元</a>&nbsp;&nbsp;<font color=""#6f6f6f"">Yahoo股市</font>",https://news.google.com/rss/articles/CBMixgJBVV95cUxOYi1PWS1WcXREVEpVYngyTG4tN3VfaEVNZ3RvV1F3N3drRXhhQXowMGpWbWE2OHd3c2JhT1BHb1dpbkRKdDJuME9sWWQxR1g5aUYycjRDVVBnOXI1aFhpOTVVdUdXamgtWDdfNTRJMzZfU1RmZVpYaGV1RGNVVXBaUEFOTEE4SkZpajUyWXFzZ1hFYU9yTU5ld3Azb2FzVmZzMWpFZHhvUzM4VEpCRWp5d29HWFFyTE1RSnl5cm8ySE9EcGtwMlA1NDAxdzAxdkhOYUgwUU1GbHFCWXdIa2VySk0wdHZ6QVhXYkphcDEtTGFUMTdqVzl6VHFIbGNQakxVX2wtV2d4STJYS3FaeVJRbmRwVVpweUJBVjEzeU9LRWUxZHhJVG9KREViYlYtejFQaFFZWURST2J3N1VwWTF6ZkZ4SldzZw?oc=5,GoogleNewsRSS
